Date: 20260430_1650
YCSB workload: workloada_64_medium

============= RepCXL configuration =============
processes = "0-63"
algorithm = "fmonster"
pipeline = false
round_time = 1300 
read_retries = 1
# core_affinity = 2 
============= Benchmark Results =============

=== bench_out0.dat ===
Monster: conflicts=760, sync_failures=1109817, empty_requests=0, try_overtime=348672, check_overtime=193761, replicate_overtime=567384
Ops: 2010000  Time: 17.37s  Throughput: 115705.98 ops/sec
Dirty reads: 53 / 1004963 (0.005%)
  Dirty read avg latency: 14.22ms
read_lats: vec100: [1080, 1470, 1470, 1470, 1470, 1470, 1470, 1470, 1480, 1480, 1480, 1480, 1480, 1480, 1480, 1480, 1480, 1480, 1480, 1480, 1481, 1490, 1490, 1490, 1490, 1490, 1490, 1490, 1490, 1500, 1500, 1500, 1500, 1500, 1500, 1500, 1510, 1510, 1510, 1510, 1510, 1510, 1520, 1520, 1520, 1521, 1530, 1530, 1540, 1540, 1550, 1550, 1560, 1561, 1570, 1580, 1590, 1590, 1600, 1610, 1611, 1620, 1630, 1640, 1650, 1650, 1660, 1670, 1680, 1690, 1690, 1700, 1710, 1720, 1730, 1740, 1740, 1750, 1760, 1770, 1780, 1790, 1810, 1820, 1830, 1850, 1860, 1880, 1901, 1930, 1960, 1990, 2030, 2080, 2140, 2200, 2290, 2410, 2600, 3060, 16009162, 19399778]
write_lats: vec100: [4251, 4620, 4670, 4710, 4740, 4770, 4800, 4820, 4850, 4870, 4890, 4910, 4931, 4960, 4980, 5000, 5020, 5030, 5050, 5060, 5071, 5090, 5100, 5110, 5120, 5140, 5150, 5170, 5190, 5210, 5230, 5260, 5291, 5330, 5360, 5400, 5430, 5470, 5510, 5550, 5590, 5630, 5670, 5710, 5750, 5781, 5820, 5850, 5890, 5940, 6000, 6060, 6120, 6180, 6250, 6310, 6370, 6430, 6490, 6550, 6610, 6670, 6730, 6790, 6850, 6910, 6970, 7030, 7090, 7141, 7200, 7260, 7311, 7370, 7430, 7490, 7550, 7610, 7670, 7730, 7800, 7870, 7950, 8021, 8110, 8191, 8280, 8370, 8461, 8560, 8650, 8750, 8850, 8960, 9090, 9240, 9430, 9700, 10090, 10800, 16019532, 24012153]
                 avg          P99       P99.99         P100
Read         4.12μs      3.07μs      16.01ms      19.40ms
Write        12.55μs     10.80μs      16.02ms      24.01ms

=== bench_out10.dat ===
Monster: conflicts=26367, sync_failures=1937361, empty_requests=0, try_overtime=653923, check_overtime=384371, replicate_overtime=899067
Ops: 2010000  Time: 10.30s  Throughput: 195195.09 ops/sec
Dirty reads: 136 / 1004967 (0.014%)
  Dirty read avg latency: 3.14ms
read_lats: vec100: [1040, 1480, 1490, 1490, 1500, 1500, 1500, 1500, 1500, 1500, 1501, 1510, 1510, 1510, 1510, 1510, 1510, 1520, 1520, 1520, 1520, 1520, 1530, 1530, 1530, 1540, 1540, 1540, 1550, 1550, 1560, 1560, 1570, 1570, 1580, 1581, 1590, 1600, 1600, 1610, 1620, 1620, 1630, 1640, 1640, 1650, 1660, 1660, 1670, 1680, 1680, 1690, 1700, 1700, 1710, 1720, 1730, 1730, 1740, 1750, 1751, 1760, 1770, 1780, 1790, 1790, 1800, 1810, 1820, 1830, 1840, 1850, 1860, 1870, 1880, 1890, 1900, 1920, 1930, 1950, 1960, 1980, 2000, 2020, 2040, 2060, 2090, 2120, 2150, 2180, 2220, 2260, 2310, 2360, 2430, 2510, 2620, 2780, 3060, 3610, 12780, 15833728]
write_lats: vec100: [4590, 5060, 5200, 5310, 5410, 5500, 5590, 5670, 5750, 5820, 5890, 5960, 6020, 6080, 6131, 6190, 6240, 6290, 6330, 6380, 6420, 6460, 6500, 6540, 6580, 6620, 6660, 6700, 6740, 6771, 6810, 6850, 6890, 6921, 6960, 7000, 7030, 7070, 7100, 7131, 7170, 7200, 7240, 7270, 7300, 7331, 7370, 7400, 7430, 7461, 7500, 7530, 7560, 7600, 7630, 7661, 7700, 7730, 7770, 7801, 7840, 7880, 7920, 7960, 8000, 8040, 8080, 8130, 8170, 8220, 8260, 8310, 8351, 8400, 8450, 8500, 8541, 8591, 8640, 8690, 8740, 8790, 8840, 8891, 8950, 9010, 9070, 9140, 9210, 9290, 9380, 9481, 9610, 9761, 9950, 10170, 10460, 10890, 11770, 15630, 194825, 6671338]
                 avg          P99       P99.99         P100
Read         2.25μs      3.62μs     10.08μs      15.83ms
Write         7.83μs     15.65μs     83.33μs       6.67ms

=== bench_out11.dat ===
Monster: conflicts=28559, sync_failures=2038786, empty_requests=0, try_overtime=684814, check_overtime=436668, replicate_overtime=917304
Ops: 2010000  Time: 10.44s  Throughput: 192589.11 ops/sec
Dirty reads: 115 / 1004710 (0.011%)
  Dirty read avg latency: 3.44ms
read_lats: vec100: [1100, 1480, 1490, 1490, 1500, 1500, 1500, 1500, 1500, 1500, 1510, 1510, 1510, 1510, 1510, 1510, 1511, 1520, 1520, 1520, 1520, 1530, 1530, 1530, 1531, 1540, 1540, 1550, 1550, 1560, 1560, 1570, 1570, 1580, 1580, 1590, 1590, 1600, 1610, 1610, 1620, 1621, 1630, 1640, 1640, 1650, 1660, 1661, 1670, 1680, 1690, 1690, 1700, 1710, 1710, 1720, 1730, 1740, 1740, 1750, 1760, 1770, 1770, 1780, 1790, 1800, 1810, 1810, 1820, 1830, 1840, 1850, 1860, 1870, 1880, 1900, 1910, 1920, 1940, 1950, 1970, 1990, 2010, 2030, 2050, 2070, 2100, 2120, 2150, 2190, 2221, 2270, 2320, 2370, 2440, 2520, 2630, 2800, 3080, 3630, 12184407, 17309395]
write_lats: vec100: [4550, 5101, 5260, 5380, 5490, 5600, 5700, 5790, 5870, 5950, 6030, 6100, 6160, 6220, 6271, 6330, 6380, 6430, 6470, 6520, 6560, 6610, 6650, 6690, 6730, 6770, 6810, 6851, 6891, 6930, 6970, 7010, 7050, 7081, 7120, 7160, 7190, 7230, 7260, 7300, 7330, 7361, 7400, 7430, 7470, 7500, 7531, 7570, 7600, 7640, 7670, 7701, 7740, 7771, 7810, 7850, 7881, 7920, 7960, 8000, 8040, 8080, 8120, 8160, 8200, 8240, 8290, 8330, 8370, 8411, 8460, 8500, 8540, 8581, 8630, 8670, 8710, 8751, 8800, 8841, 8890, 8940, 8981, 9040, 9090, 9150, 9210, 9271, 9350, 9431, 9530, 9641, 9780, 9931, 10120, 10340, 10620, 11090, 11990, 16031, 97092, 6577135]
                 avg          P99       P99.99         P100
Read         2.21μs      3.63μs      9.62μs      17.31ms
Write         7.99μs     16.09μs     88.65μs       6.58ms

=== bench_out12.dat ===
Monster: conflicts=32785, sync_failures=1900558, empty_requests=0, try_overtime=638294, check_overtime=380455, replicate_overtime=881809
Ops: 2010000  Time: 10.17s  Throughput: 197594.79 ops/sec
Dirty reads: 115 / 1004813 (0.011%)
  Dirty read avg latency: 3.21ms
read_lats: vec100: [1040, 1471, 1480, 1480, 1490, 1490, 1490, 1490, 1490, 1500, 1500, 1500, 1500, 1500, 1500, 1500, 1510, 1510, 1510, 1510, 1510, 1511, 1520, 1520, 1520, 1530, 1530, 1530, 1540, 1540, 1541, 1550, 1551, 1560, 1570, 1570, 1580, 1580, 1590, 1600, 1600, 1610, 1611, 1620, 1630, 1640, 1640, 1650, 1660, 1660, 1670, 1680, 1680, 1690, 1700, 1710, 1710, 1720, 1730, 1740, 1740, 1750, 1760, 1770, 1770, 1780, 1790, 1800, 1810, 1820, 1830, 1840, 1841, 1851, 1870, 1880, 1890, 1900, 1920, 1930, 1950, 1970, 1990, 2010, 2030, 2050, 2070, 2100, 2130, 2160, 2200, 2240, 2290, 2341, 2410, 2490, 2600, 2760, 3040, 3590, 11457038, 15916350]
write_lats: vec100: [4550, 5030, 5160, 5270, 5360, 5450, 5530, 5610, 5680, 5751, 5820, 5890, 5950, 6010, 6070, 6120, 6170, 6220, 6260, 6310, 6350, 6390, 6430, 6470, 6510, 6550, 6590, 6630, 6670, 6701, 6740, 6780, 6820, 6851, 6890, 6930, 6961, 7000, 7040, 7070, 7101, 7140, 7170, 7210, 7240, 7270, 7310, 7340, 7370, 7401, 7440, 7470, 7501, 7540, 7570, 7610, 7640, 7680, 7710, 7750, 7790, 7821, 7860, 7900, 7940, 7981, 8021, 8070, 8110, 8160, 8210, 8250, 8300, 8350, 8400, 8450, 8500, 8550, 8591, 8641, 8700, 8750, 8800, 8851, 8910, 8970, 9030, 9100, 9171, 9251, 9350, 9450, 9580, 9740, 9930, 10161, 10470, 10970, 12150, 16670, 104203, 6195065]
                 avg          P99       P99.99         P100
Read         2.16μs      3.59μs      9.32μs      15.92ms
Write         7.80μs     16.71μs     92.76μs       6.20ms

=== bench_out13.dat ===
Monster: conflicts=35146, sync_failures=1951944, empty_requests=0, try_overtime=653533, check_overtime=406536, replicate_overtime=891875
Ops: 2010000  Time: 10.33s  Throughput: 194563.48 ops/sec
Dirty reads: 129 / 1004637 (0.013%)
  Dirty read avg latency: 3.25ms
read_lats: vec100: [1080, 1471, 1480, 1490, 1490, 1490, 1490, 1490, 1490, 1500, 1500, 1500, 1500, 1500, 1500, 1501, 1510, 1510, 1510, 1510, 1510, 1520, 1520, 1520, 1520, 1530, 1530, 1530, 1540, 1540, 1550, 1550, 1560, 1560, 1570, 1570, 1580, 1580, 1590, 1600, 1600, 1610, 1620, 1620, 1630, 1640, 1640, 1650, 1660, 1660, 1670, 1680, 1681, 1690, 1700, 1710, 1710, 1720, 1730, 1740, 1740, 1750, 1760, 1770, 1770, 1780, 1790, 1800, 1810, 1820, 1830, 1840, 1841, 1851, 1870, 1880, 1890, 1900, 1920, 1930, 1950, 1970, 1980, 2000, 2030, 2050, 2070, 2100, 2130, 2160, 2200, 2240, 2290, 2340, 2410, 2490, 2600, 2760, 3040, 3590, 5525719, 16640058]
write_lats: vec100: [4400, 5050, 5190, 5300, 5400, 5490, 5580, 5660, 5740, 5810, 5880, 5950, 6011, 6071, 6130, 6180, 6230, 6280, 6330, 6370, 6420, 6460, 6500, 6540, 6580, 6620, 6660, 6700, 6740, 6780, 6820, 6860, 6890, 6930, 6970, 7010, 7040, 7080, 7110, 7150, 7180, 7220, 7250, 7290, 7320, 7350, 7390, 7420, 7450, 7490, 7520, 7560, 7590, 7621, 7660, 7691, 7730, 7770, 7800, 7840, 7880, 7920, 7960, 8000, 8040, 8080, 8121, 8170, 8211, 8260, 8301, 8350, 8400, 8441, 8490, 8540, 8580, 8630, 8671, 8720, 8770, 8820, 8870, 8921, 8980, 9040, 9100, 9170, 9240, 9321, 9420, 9530, 9670, 9830, 10020, 10260, 10570, 11100, 12380, 17121, 125753, 6178515]
                 avg          P99       P99.99         P100
Read         2.23μs      3.59μs     10.55μs      16.64ms
Write         7.89μs     17.16μs     98.02μs       6.18ms

=== bench_out14.dat ===
Monster: conflicts=37301, sync_failures=1999277, empty_requests=0, try_overtime=668839, check_overtime=432490, replicate_overtime=897948
Ops: 2010000  Time: 10.51s  Throughput: 191215.77 ops/sec
Dirty reads: 134 / 1005399 (0.013%)
  Dirty read avg latency: 3.78ms
read_lats: vec100: [1031, 1480, 1480, 1490, 1490, 1490, 1490, 1490, 1500, 1500, 1500, 1500, 1500, 1500, 1501, 1510, 1510, 1510, 1510, 1510, 1520, 1520, 1520, 1520, 1530, 1530, 1530, 1540, 1540, 1540, 1550, 1550, 1560, 1560, 1570, 1571, 1580, 1590, 1590, 1600, 1610, 1610, 1620, 1621, 1630, 1640, 1650, 1650, 1660, 1670, 1670, 1680, 1690, 1690, 1700, 1710, 1720, 1720, 1730, 1740, 1750, 1750, 1760, 1770, 1780, 1780, 1790, 1800, 1810, 1820, 1830, 1840, 1850, 1860, 1870, 1880, 1890, 1910, 1920, 1940, 1950, 1970, 1990, 2010, 2030, 2050, 2080, 2110, 2140, 2170, 2210, 2250, 2300, 2350, 2420, 2500, 2610, 2770, 3041, 3580, 10430, 21882350]
write_lats: vec100: [4540, 5071, 5220, 5340, 5440, 5540, 5630, 5720, 5800, 5880, 5950, 6020, 6081, 6140, 6200, 6250, 6301, 6350, 6400, 6441, 6490, 6530, 6580, 6620, 6660, 6700, 6740, 6780, 6820, 6860, 6900, 6940, 6980, 7020, 7051, 7090, 7130, 7160, 7200, 7230, 7270, 7300, 7340, 7370, 7401, 7440, 7470, 7510, 7540, 7571, 7610, 7641, 7680, 7711, 7750, 7781, 7820, 7860, 7900, 7931, 7970, 8010, 8050, 8091, 8140, 8180, 8220, 8261, 8310, 8350, 8400, 8440, 8481, 8530, 8570, 8620, 8660, 8710, 8750, 8800, 8841, 8890, 8940, 8990, 9050, 9110, 9170, 9240, 9311, 9400, 9500, 9611, 9760, 9920, 10110, 10350, 10670, 11251, 12690, 17481, 6708868, 6708868]
                 avg          P99       P99.99         P100
Read         2.32μs      3.58μs     10.31μs      21.88ms
Write         7.96μs     17.48μs     88.45μs       6.71ms

=== bench_out15.dat ===
Monster: conflicts=40714, sync_failures=2003724, empty_requests=0, try_overtime=671425, check_overtime=433371, replicate_overtime=898928
Ops: 2010000  Time: 10.49s  Throughput: 191643.97 ops/sec
Dirty reads: 108 / 1004770 (0.011%)
  Dirty read avg latency: 4.33ms
read_lats: vec100: [1010, 1480, 1480, 1490, 1490, 1490, 1490, 1490, 1500, 1500, 1500, 1500, 1500, 1500, 1501, 1510, 1510, 1510, 1510, 1510, 1520, 1520, 1520, 1520, 1530, 1530, 1530, 1540, 1540, 1540, 1550, 1550, 1560, 1560, 1570, 1580, 1580, 1590, 1590, 1600, 1610, 1610, 1620, 1630, 1630, 1640, 1650, 1650, 1660, 1670, 1670, 1680, 1690, 1691, 1700, 1710, 1720, 1720, 1730, 1740, 1750, 1750, 1760, 1770, 1780, 1781, 1790, 1800, 1810, 1820, 1830, 1840, 1850, 1860, 1870, 1880, 1900, 1910, 1920, 1940, 1951, 1970, 1990, 2010, 2030, 2060, 2080, 2110, 2140, 2170, 2210, 2250, 2300, 2360, 2420, 2500, 2610, 2770, 3040, 3590, 11900, 18169357]
write_lats: vec100: [4490, 5070, 5220, 5330, 5440, 5540, 5630, 5720, 5800, 5871, 5950, 6020, 6080, 6140, 6200, 6250, 6300, 6350, 6400, 6441, 6490, 6530, 6571, 6620, 6660, 6700, 6740, 6780, 6820, 6860, 6900, 6940, 6980, 7011, 7050, 7090, 7121, 7160, 7200, 7230, 7270, 7300, 7340, 7370, 7401, 7440, 7470, 7510, 7540, 7571, 7610, 7641, 7680, 7711, 7750, 7790, 7820, 7860, 7900, 7940, 7980, 8020, 8060, 8100, 8140, 8180, 8230, 8270, 8311, 8360, 8400, 8450, 8490, 8531, 8580, 8620, 8670, 8710, 8760, 8800, 8850, 8900, 8950, 9000, 9060, 9120, 9180, 9250, 9321, 9410, 9511, 9631, 9771, 9940, 10140, 10390, 10720, 11340, 13110, 17791, 232465, 6107873]
                 avg          P99       P99.99         P100
Read         2.27μs      3.59μs      9.60μs      18.17ms
Write         8.00μs     17.81μs    105.15μs       6.11ms

=== bench_out16.dat ===
Monster: conflicts=44608, sync_failures=1921198, empty_requests=0, try_overtime=652581, check_overtime=388862, replicate_overtime=879755
Ops: 2010000  Time: 10.34s  Throughput: 194399.26 ops/sec
Dirty reads: 113 / 1004506 (0.011%)
  Dirty read avg latency: 3.65ms
read_lats: vec100: [1060, 1480, 1490, 1490, 1490, 1490, 1491, 1500, 1500, 1500, 1500, 1500, 1500, 1510, 1510, 1510, 1510, 1510, 1510, 1511, 1520, 1520, 1520, 1520, 1530, 1530, 1530, 1540, 1540, 1550, 1550, 1560, 1560, 1570, 1570, 1580, 1580, 1590, 1591, 1600, 1610, 1610, 1620, 1630, 1630, 1640, 1650, 1650, 1660, 1670, 1671, 1680, 1690, 1700, 1700, 1710, 1720, 1721, 1730, 1740, 1750, 1750, 1760, 1770, 1780, 1780, 1790, 1800, 1810, 1820, 1830, 1840, 1850, 1860, 1870, 1880, 1890, 1910, 1920, 1940, 1950, 1970, 1990, 2010, 2030, 2050, 2080, 2100, 2130, 2170, 2200, 2240, 2290, 2340, 2410, 2490, 2600, 2760, 3030, 3580, 15230753, 27510341]
write_lats: vec100: [4511, 5031, 5170, 5280, 5370, 5460, 5541, 5630, 5700, 5770, 5841, 5910, 5980, 6040, 6090, 6141, 6191, 6240, 6290, 6331, 6380, 6420, 6460, 6500, 6540, 6580, 6620, 6660, 6700, 6731, 6770, 6810, 6850, 6881, 6920, 6960, 6991, 7030, 7061, 7100, 7131, 7170, 7200, 7240, 7270, 7300, 7331, 7370, 7400, 7430, 7470, 7500, 7531, 7570, 7600, 7640, 7670, 7710, 7740, 7780, 7820, 7851, 7891, 7931, 7971, 8020, 8060, 8100, 8150, 8191, 8240, 8290, 8340, 8390, 8431, 8480, 8530, 8580, 8630, 8680, 8730, 8780, 8831, 8890, 8950, 9010, 9070, 9140, 9220, 9300, 9400, 9510, 9650, 9821, 10031, 10300, 10661, 11361, 13730, 18130, 107933, 6239637]
                 avg          P99       P99.99         P100
Read         2.21μs      3.58μs      9.59μs      27.51ms
Write         7.91μs     18.18μs    102.10μs       6.24ms

=== bench_out17.dat ===
Monster: conflicts=47321, sync_failures=1973288, empty_requests=0, try_overtime=666782, check_overtime=418067, replicate_overtime=888439
Ops: 2010000  Time: 10.48s  Throughput: 191764.46 ops/sec
Dirty reads: 116 / 1005309 (0.012%)
  Dirty read avg latency: 4.02ms
read_lats: vec100: [1050, 1480, 1490, 1490, 1490, 1490, 1491, 1500, 1500, 1500, 1500, 1500, 1500, 1510, 1510, 1510, 1510, 1510, 1510, 1520, 1520, 1520, 1520, 1521, 1530, 1530, 1531, 1540, 1540, 1550, 1550, 1560, 1560, 1570, 1570, 1580, 1580, 1590, 1600, 1600, 1610, 1611, 1620, 1630, 1631, 1640, 1650, 1660, 1660, 1670, 1680, 1680, 1690, 1700, 1701, 1710, 1720, 1730, 1730, 1740, 1750, 1760, 1760, 1770, 1780, 1790, 1791, 1800, 1810, 1820, 1830, 1840, 1850, 1860, 1870, 1880, 1900, 1910, 1920, 1940, 1960, 1970, 1990, 2010, 2030, 2060, 2080, 2110, 2140, 2170, 2210, 2250, 2300, 2350, 2420, 2500, 2610, 2770, 3050, 3600, 13493429, 21827029]
write_lats: vec100: [4550, 5060, 5200, 5310, 5410, 5501, 5591, 5680, 5760, 5831, 5910, 5980, 6040, 6100, 6151, 6210, 6260, 6310, 6351, 6400, 6440, 6481, 6530, 6570, 6610, 6650, 6690, 6730, 6770, 6810, 6850, 6890, 6930, 6961, 7000, 7040, 7071, 7110, 7150, 7180, 7220, 7250, 7290, 7320, 7350, 7390, 7420, 7451, 7490, 7520, 7560, 7590, 7630, 7660, 7700, 7730, 7770, 7801, 7840, 7880, 7920, 7960, 8000, 8040, 8081, 8121, 8170, 8211, 8260, 8301, 8350, 8400, 8440, 8490, 8530, 8580, 8621, 8670, 8720, 8761, 8811, 8861, 8920, 8970, 9030, 9090, 9150, 9220, 9291, 9381, 9490, 9610, 9760, 9930, 10141, 10400, 10781, 11521, 14180, 18531, 102343, 6202196]
                 avg          P99       P99.99         P100
Read         2.28μs      3.60μs     10.21μs      21.83ms
Write         7.99μs     18.58μs     96.71μs       6.20ms

=== bench_out18.dat ===
Monster: conflicts=50080, sync_failures=2024589, empty_requests=0, try_overtime=684677, check_overtime=446292, replicate_overtime=893620
Ops: 2010000  Time: 10.67s  Throughput: 188422.20 ops/sec
Dirty reads: 106 / 1003673 (0.011%)
  Dirty read avg latency: 4.99ms
read_lats: vec100: [1040, 1480, 1490, 1490, 1490, 1500, 1500, 1500, 1500, 1500, 1500, 1501, 1510, 1510, 1510, 1510, 1510, 1510, 1520, 1520, 1520, 1520, 1520, 1530, 1530, 1530, 1540, 1540, 1541, 1550, 1550, 1560, 1560, 1570, 1571, 1580, 1590, 1590, 1600, 1601, 1610, 1620, 1620, 1630, 1640, 1640, 1650, 1660, 1670, 1670, 1680, 1690, 1690, 1700, 1710, 1720, 1720, 1730, 1740, 1750, 1750, 1760, 1770, 1771, 1780, 1790, 1800, 1810, 1820, 1830, 1840, 1850, 1860, 1870, 1880, 1890, 1900, 1920, 1930, 1950, 1960, 1980, 2000, 2020, 2040, 2061, 2090, 2120, 2150, 2180, 2220, 2261, 2311, 2370, 2440, 2530, 2640, 2800, 3090, 3620, 11790, 17589112]
write_lats: vec100: [4440, 5080, 5230, 5350, 5450, 5551, 5650, 5740, 5820, 5900, 5980, 6041, 6110, 6170, 6221, 6280, 6330, 6380, 6430, 6470, 6511, 6560, 6600, 6641, 6690, 6730, 6770, 6810, 6850, 6890, 6930, 6970, 7010, 7050, 7081, 7120, 7160, 7191, 7230, 7261, 7300, 7331, 7370, 7401, 7440, 7470, 7510, 7540, 7571, 7610, 7641, 7680, 7711, 7750, 7790, 7820, 7860, 7900, 7940, 7980, 8020, 8060, 8100, 8140, 8180, 8221, 8270, 8310, 8360, 8400, 8441, 8490, 8530, 8571, 8620, 8660, 8701, 8750, 8791, 8840, 8890, 8940, 8990, 9040, 9100, 9160, 9221, 9300, 9380, 9471, 9580, 9710, 9870, 10050, 10260, 10530, 10951, 11770, 14631, 18801, 223166, 6640837]
                 avg          P99       P99.99         P100
Read         2.34μs      3.63μs      9.94μs      17.59ms
Write         8.08μs     18.82μs    107.87μs       6.64ms

=== bench_out19.dat ===
Monster: conflicts=55213, sync_failures=1931094, empty_requests=0, try_overtime=658836, check_overtime=396865, replicate_overtime=875393
Ops: 2010000  Time: 10.51s  Throughput: 191212.58 ops/sec
Dirty reads: 132 / 1005179 (0.013%)
  Dirty read avg latency: 3.80ms
read_lats: vec100: [1100, 1480, 1490, 1490, 1490, 1500, 1500, 1500, 1500, 1500, 1500, 1501, 1510, 1510, 1510, 1510, 1510, 1510, 1520, 1520, 1520, 1520, 1521, 1530, 1530, 1530, 1540, 1540, 1541, 1550, 1550, 1560, 1560, 1570, 1580, 1580, 1590, 1590, 1600, 1601, 1610, 1620, 1620, 1630, 1640, 1641, 1650, 1660, 1670, 1670, 1680, 1690, 1690, 1700, 1710, 1720, 1720, 1730, 1740, 1750, 1750, 1760, 1770, 1780, 1780, 1790, 1800, 1810, 1820, 1830, 1840, 1850, 1860, 1870, 1880, 1890, 1900, 1910, 1930, 1940, 1960, 1980, 2000, 2020, 2040, 2060, 2090, 2110, 2140, 2180, 2210, 2250, 2300, 2360, 2420, 2510, 2620, 2780, 3050, 3600, 14740, 17403097]
write_lats: vec100: [4570, 5040, 5170, 5280, 5380, 5470, 5550, 5630, 5710, 5790, 5860, 5921, 5990, 6050, 6101, 6160, 6210, 6260, 6300, 6350, 6390, 6430, 6471, 6511, 6551, 6591, 6631, 6670, 6710, 6750, 6790, 6830, 6861, 6900, 6940, 6980, 7010, 7050, 7080, 7120, 7150, 7190, 7220, 7251, 7290, 7320, 7351, 7390, 7420, 7450, 7490, 7520, 7551, 7590, 7621, 7660, 7691, 7730, 7770, 7800, 7840, 7880, 7920, 7960, 8001, 8050, 8090, 8140, 8180, 8230, 8280, 8321, 8370, 8420, 8470, 8520, 8561, 8610, 8660, 8710, 8760, 8811, 8870, 8921, 8980, 9041, 9110, 9180, 9260, 9351, 9460, 9590, 9741, 9930, 10160, 10450, 10890, 11890, 15241, 19260, 264886, 6714288]
                 avg          P99       P99.99         P100
Read         2.32μs      3.61μs     10.79μs      17.40ms
Write         7.97μs     19.27μs    108.41μs       6.71ms

=== bench_out1.dat ===
Monster: conflicts=2973, sync_failures=1913530, empty_requests=0, try_overtime=629977, check_overtime=374687, replicate_overtime=908866
Ops: 2010000  Time: 10.12s  Throughput: 198522.60 ops/sec
Dirty reads: 134 / 1005527 (0.013%)
  Dirty read avg latency: 3.64ms
read_lats: vec100: [1070, 1480, 1490, 1490, 1500, 1500, 1500, 1500, 1500, 1500, 1510, 1510, 1510, 1510, 1510, 1510, 1510, 1520, 1520, 1520, 1520, 1520, 1530, 1530, 1530, 1530, 1540, 1540, 1541, 1550, 1550, 1560, 1560, 1570, 1570, 1580, 1590, 1590, 1600, 1600, 1610, 1620, 1620, 1630, 1640, 1640, 1650, 1660, 1660, 1670, 1680, 1681, 1690, 1700, 1710, 1710, 1720, 1730, 1740, 1740, 1750, 1760, 1770, 1770, 1780, 1790, 1800, 1801, 1810, 1820, 1830, 1840, 1850, 1860, 1870, 1881, 1900, 1910, 1920, 1940, 1960, 1970, 1990, 2010, 2030, 2060, 2080, 2110, 2140, 2170, 2210, 2250, 2300, 2350, 2420, 2500, 2610, 2770, 3050, 3600, 9108089, 17515510]
write_lats: vec100: [4620, 5041, 5180, 5290, 5380, 5470, 5551, 5631, 5710, 5780, 5850, 5920, 5980, 6040, 6091, 6150, 6200, 6240, 6290, 6331, 6380, 6420, 6460, 6500, 6540, 6580, 6620, 6651, 6690, 6730, 6770, 6810, 6841, 6880, 6920, 6951, 6990, 7030, 7060, 7100, 7130, 7161, 7200, 7230, 7261, 7300, 7330, 7360, 7400, 7430, 7460, 7491, 7530, 7560, 7591, 7630, 7660, 7700, 7730, 7770, 7801, 7840, 7880, 7920, 7960, 8000, 8040, 8080, 8130, 8170, 8220, 8260, 8310, 8350, 8400, 8450, 8500, 8540, 8590, 8640, 8690, 8740, 8790, 8840, 8891, 8950, 9010, 9070, 9140, 9210, 9290, 9380, 9481, 9610, 9770, 9950, 10180, 10460, 10890, 11750, 80082, 4000090]
                 avg          P99       P99.99         P100
Read         2.29μs      3.60μs      9.64μs      17.52ms
Write         7.64μs     11.76μs     60.16μs       4.00ms

=== bench_out20.dat ===
Monster: conflicts=59151, sync_failures=1973557, empty_requests=0, try_overtime=666242, check_overtime=423154, replicate_overtime=884161
Ops: 2010000  Time: 10.46s  Throughput: 192204.82 ops/sec
Dirty reads: 98 / 1006526 (0.010%)
  Dirty read avg latency: 3.61ms
read_lats: vec100: [1070, 1470, 1480, 1480, 1490, 1490, 1490, 1490, 1490, 1500, 1500, 1500, 1500, 1500, 1500, 1500, 1510, 1510, 1510, 1510, 1510, 1520, 1520, 1520, 1530, 1530, 1530, 1540, 1540, 1541, 1550, 1550, 1560, 1561, 1570, 1580, 1580, 1590, 1590, 1600, 1610, 1610, 1620, 1630, 1630, 1640, 1650, 1650, 1660, 1670, 1670, 1680, 1690, 1690, 1700, 1710, 1711, 1720, 1730, 1740, 1740, 1750, 1760, 1770, 1770, 1780, 1790, 1800, 1810, 1820, 1830, 1840, 1850, 1860, 1870, 1880, 1890, 1900, 1920, 1930, 1950, 1970, 1981, 2000, 2030, 2050, 2070, 2100, 2130, 2160, 2200, 2240, 2290, 2340, 2410, 2490, 2600, 2760, 3040, 3571, 6592166, 15999632]
write_lats: vec100: [4451, 5060, 5191, 5310, 5410, 5510, 5600, 5680, 5760, 5831, 5910, 5971, 6040, 6100, 6151, 6210, 6260, 6310, 6350, 6400, 6440, 6480, 6530, 6570, 6610, 6650, 6690, 6730, 6770, 6810, 6850, 6881, 6920, 6960, 7000, 7030, 7070, 7101, 7140, 7180, 7210, 7250, 7280, 7311, 7350, 7380, 7420, 7450, 7481, 7520, 7550, 7590, 7620, 7660, 7690, 7730, 7761, 7800, 7840, 7880, 7920, 7960, 8000, 8040, 8080, 8120, 8170, 8210, 8251, 8300, 8350, 8390, 8440, 8490, 8530, 8580, 8621, 8670, 8720, 8761, 8811, 8870, 8920, 8970, 9030, 9090, 9160, 9230, 9310, 9400, 9510, 9640, 9791, 9980, 10201, 10500, 10980, 12101, 15701, 19550, 139824, 7208811]
                 avg          P99       P99.99         P100
Read         2.16μs      3.58μs      9.28μs      16.00ms
Write         8.07μs     19.59μs    122.96μs       7.21ms

=== bench_out21.dat ===
Monster: conflicts=59921, sync_failures=2102982, empty_requests=0, try_overtime=710172, check_overtime=466623, replicate_overtime=926187
Ops: 2010000  Time: 10.87s  Throughput: 184866.05 ops/sec
Dirty reads: 113 / 1005851 (0.011%)
  Dirty read avg latency: 4.40ms
read_lats: vec100: [1040, 1471, 1480, 1480, 1490, 1490, 1490, 1490, 1490, 1500, 1500, 1500, 1500, 1500, 1500, 1501, 1510, 1510, 1510, 1510, 1511, 1520, 1520, 1520, 1530, 1530, 1530, 1540, 1540, 1550, 1550, 1560, 1560, 1570, 1570, 1580, 1590, 1590, 1600, 1600, 1610, 1620, 1620, 1630, 1640, 1640, 1650, 1660, 1660, 1670, 1680, 1680, 1690, 1700, 1700, 1710, 1720, 1730, 1730, 1740, 1750, 1760, 1760, 1770, 1780, 1790, 1791, 1800, 1810, 1820, 1830, 1840, 1850, 1860, 1870, 1880, 1900, 1910, 1920, 1940, 1960, 1970, 1990, 2010, 2030, 2060, 2080, 2110, 2140, 2180, 2210, 2260, 2301, 2360, 2430, 2520, 2630, 2791, 3070, 3600, 4053442, 15825629]
write_lats: vec100: [4610, 5170, 5330, 5470, 5590, 5700, 5810, 5900, 5990, 6070, 6140, 6210, 6271, 6330, 6390, 6440, 6490, 6540, 6590, 6640, 6680, 6730, 6770, 6810, 6860, 6900, 6940, 6980, 7020, 7060, 7100, 7140, 7171, 7210, 7250, 7280, 7320, 7350, 7390, 7420, 7451, 7490, 7520, 7551, 7590, 7620, 7660, 7690, 7730, 7760, 7800, 7830, 7870, 7901, 7940, 7980, 8020, 8060, 8100, 8140, 8180, 8220, 8260, 8300, 8340, 8381, 8430, 8470, 8510, 8550, 8590, 8630, 8670, 8710, 8750, 8790, 8830, 8870, 8910, 8960, 9000, 9050, 9100, 9150, 9210, 9270, 9331, 9410, 9490, 9590, 9710, 9840, 10000, 10180, 10400, 10690, 11181, 12281, 16061, 20011, 156294, 7217801]
                 avg          P99       P99.99         P100
Read         2.32μs      3.61μs      9.86μs      15.83ms
Write         8.29μs     20.04μs    114.10μs       7.22ms

=== bench_out22.dat ===
Monster: conflicts=66621, sync_failures=1939585, empty_requests=0, try_overtime=661137, check_overtime=402291, replicate_overtime=876157
Ops: 2010000  Time: 10.83s  Throughput: 185680.19 ops/sec
Dirty reads: 139 / 1005115 (0.014%)
  Dirty read avg latency: 5.04ms
read_lats: vec100: [1030, 1480, 1480, 1490, 1490, 1490, 1490, 1490, 1500, 1500, 1500, 1500, 1500, 1500, 1510, 1510, 1510, 1510, 1510, 1511, 1520, 1520, 1520, 1530, 1530, 1530, 1540, 1540, 1541, 1550, 1550, 1560, 1561, 1570, 1580, 1580, 1590, 1590, 1600, 1610, 1610, 1620, 1630, 1630, 1640, 1650, 1650, 1660, 1661, 1670, 1680, 1690, 1690, 1700, 1710, 1710, 1720, 1730, 1740, 1740, 1750, 1760, 1770, 1770, 1780, 1790, 1800, 1810, 1811, 1820, 1830, 1840, 1850, 1860, 1871, 1890, 1900, 1910, 1930, 1940, 1960, 1980, 2000, 2020, 2040, 2060, 2090, 2110, 2150, 2180, 2220, 2260, 2310, 2361, 2430, 2520, 2630, 2800, 3070, 3600, 13918409, 27007828]
write_lats: vec100: [4430, 5030, 5170, 5270, 5370, 5460, 5540, 5620, 5700, 5770, 5840, 5901, 5970, 6030, 6081, 6140, 6190, 6240, 6290, 6330, 6380, 6420, 6460, 6500, 6540, 6580, 6620, 6660, 6700, 6740, 6780, 6811, 6850, 6890, 6930, 6970, 7000, 7040, 7070, 7110, 7141, 7180, 7210, 7250, 7280, 7311, 7350, 7380, 7420, 7450, 7480, 7520, 7550, 7590, 7620, 7660, 7690, 7730, 7770, 7801, 7841, 7881, 7930, 7970, 8010, 8051, 8100, 8141, 8190, 8240, 8290, 8331, 8380, 8430, 8480, 8530, 8580, 8630, 8680, 8730, 8780, 8831, 8890, 8950, 9001, 9070, 9140, 9211, 9300, 9391, 9510, 9650, 9811, 10020, 10270, 10601, 11211, 12900, 16281, 20521, 131834, 7176590]
                 avg          P99       P99.99         P100
Read         2.51μs      3.60μs     11.26μs      27.01ms
Write         8.06μs     20.60μs    121.15μs       7.18ms

=== bench_out23.dat ===
Monster: conflicts=70236, sync_failures=1939682, empty_requests=0, try_overtime=661709, check_overtime=402026, replicate_overtime=875947
Ops: 2010000  Time: 10.62s  Throughput: 189338.11 ops/sec
Dirty reads: 118 / 1006158 (0.012%)
  Dirty read avg latency: 4.31ms
read_lats: vec100: [1020, 1480, 1480, 1490, 1490, 1490, 1490, 1490, 1500, 1500, 1500, 1500, 1500, 1500, 1510, 1510, 1510, 1510, 1510, 1510, 1520, 1520, 1520, 1530, 1530, 1530, 1540, 1540, 1540, 1550, 1550, 1560, 1560, 1570, 1580, 1580, 1590, 1590, 1600, 1610, 1610, 1620, 1620, 1630, 1640, 1640, 1650, 1660, 1660, 1670, 1680, 1680, 1690, 1700, 1701, 1710, 1720, 1730, 1730, 1740, 1750, 1760, 1760, 1770, 1780, 1790, 1791, 1800, 1810, 1820, 1830, 1840, 1850, 1860, 1870, 1880, 1900, 1910, 1920, 1940, 1950, 1970, 1990, 2010, 2030, 2050, 2080, 2100, 2130, 2161, 2200, 2240, 2290, 2340, 2410, 2490, 2600, 2760, 3030, 3580, 1702133, 22499586]
write_lats: vec100: [4490, 5040, 5170, 5280, 5380, 5470, 5550, 5630, 5710, 5780, 5850, 5920, 5980, 6040, 6100, 6150, 6200, 6250, 6300, 6340, 6380, 6430, 6470, 6510, 6550, 6590, 6630, 6670, 6710, 6750, 6781, 6820, 6860, 6900, 6930, 6970, 7010, 7040, 7080, 7110, 7150, 7180, 7220, 7250, 7281, 7320, 7350, 7381, 7420, 7450, 7490, 7520, 7551, 7590, 7620, 7660, 7691, 7730, 7770, 7801, 7840, 7880, 7920, 7960, 8001, 8050, 8090, 8140, 8181, 8230, 8280, 8330, 8380, 8421, 8471, 8520, 8570, 8620, 8670, 8720, 8770, 8830, 8880, 8940, 9000, 9060, 9130, 9200, 9281, 9380, 9490, 9630, 9800, 10001, 10251, 10601, 11270, 13230, 16531, 21101, 174274, 7224651]
                 avg          P99       P99.99         P100
Read         2.33μs      3.58μs      9.81μs      22.50ms
Write         8.05μs     21.15μs    122.76μs       7.22ms

=== bench_out24.dat ===
Monster: conflicts=74258, sync_failures=1952732, empty_requests=0, try_overtime=669210, check_overtime=409195, replicate_overtime=874327
Ops: 2010000  Time: 10.52s  Throughput: 191128.12 ops/sec
Dirty reads: 119 / 1005511 (0.012%)
  Dirty read avg latency: 3.05ms
read_lats: vec100: [1060, 1480, 1490, 1490, 1490, 1490, 1491, 1500, 1500, 1500, 1500, 1500, 1500, 1510, 1510, 1510, 1510, 1510, 1510, 1520, 1520, 1520, 1520, 1530, 1530, 1530, 1540, 1540, 1550, 1550, 1560, 1560, 1570, 1570, 1580, 1580, 1590, 1590, 1600, 1610, 1610, 1620, 1630, 1630, 1640, 1650, 1650, 1660, 1661, 1670, 1680, 1690, 1690, 1700, 1710, 1710, 1720, 1730, 1740, 1740, 1750, 1760, 1761, 1770, 1780, 1790, 1800, 1801, 1810, 1820, 1830, 1840, 1850, 1860, 1870, 1880, 1900, 1910, 1920, 1940, 1960, 1970, 1990, 2010, 2030, 2050, 2080, 2101, 2131, 2170, 2200, 2240, 2290, 2341, 2410, 2490, 2600, 2760, 3040, 3590, 11316974, 15967461]
write_lats: vec100: [4380, 5050, 5180, 5290, 5390, 5480, 5560, 5641, 5720, 5800, 5870, 5931, 6000, 6060, 6111, 6170, 6220, 6270, 6310, 6360, 6400, 6441, 6490, 6530, 6570, 6610, 6650, 6690, 6721, 6761, 6800, 6840, 6880, 6920, 6951, 6990, 7030, 7060, 7100, 7131, 7170, 7200, 7240, 7270, 7310, 7340, 7370, 7401, 7440, 7470, 7510, 7540, 7571, 7610, 7640, 7680, 7710, 7750, 7790, 7821, 7861, 7901, 7940, 7981, 8030, 8070, 8111, 8160, 8210, 8251, 8300, 8350, 8400, 8450, 8500, 8541, 8590, 8640, 8690, 8740, 8790, 8841, 8900, 8951, 9011, 9080, 9150, 9221, 9310, 9410, 9521, 9670, 9840, 10050, 10311, 10681, 11421, 13850, 16940, 21621, 127093, 7268673]
                 avg          P99       P99.99         P100
Read         2.18μs      3.59μs      9.87μs      15.97ms
Write         8.11μs     21.72μs    119.49μs       7.27ms

=== bench_out25.dat ===
Monster: conflicts=75582, sync_failures=2045318, empty_requests=0, try_overtime=695325, check_overtime=459307, replicate_overtime=890686
Ops: 2010000  Time: 10.69s  Throughput: 188109.14 ops/sec
Dirty reads: 111 / 1003782 (0.011%)
  Dirty read avg latency: 3.32ms
read_lats: vec100: [1030, 1480, 1490, 1490, 1490, 1490, 1490, 1500, 1500, 1500, 1500, 1500, 1500, 1510, 1510, 1510, 1510, 1510, 1510, 1520, 1520, 1520, 1520, 1530, 1530, 1530, 1540, 1540, 1550, 1550, 1560, 1560, 1570, 1570, 1580, 1580, 1590, 1591, 1600, 1610, 1610, 1620, 1630, 1630, 1640, 1650, 1650, 1660, 1670, 1670, 1680, 1690, 1690, 1700, 1710, 1710, 1720, 1730, 1740, 1740, 1750, 1760, 1761, 1770, 1780, 1790, 1800, 1801, 1810, 1820, 1830, 1840, 1850, 1860, 1870, 1881, 1900, 1910, 1920, 1940, 1960, 1970, 1990, 2010, 2030, 2050, 2080, 2110, 2140, 2170, 2210, 2250, 2300, 2350, 2420, 2500, 2610, 2770, 3051, 3610, 10970, 19744065]
write_lats: vec100: [4530, 5080, 5230, 5350, 5460, 5560, 5650, 5740, 5820, 5900, 5980, 6050, 6110, 6170, 6230, 6280, 6331, 6380, 6430, 6480, 6520, 6570, 6610, 6651, 6700, 6740, 6780, 6820, 6860, 6900, 6940, 6980, 7020, 7060, 7090, 7130, 7170, 7201, 7240, 7271, 7310, 7341, 7380, 7411, 7450, 7481, 7520, 7550, 7590, 7620, 7660, 7691, 7730, 7770, 7801, 7840, 7880, 7920, 7960, 8000, 8040, 8080, 8120, 8160, 8201, 8250, 8290, 8340, 8380, 8421, 8470, 8510, 8551, 8600, 8640, 8690, 8730, 8771, 8820, 8870, 8920, 8970, 9020, 9071, 9131, 9200, 9270, 9341, 9430, 9540, 9660, 9810, 9980, 10181, 10430, 10800, 11531, 13921, 17090, 21801, 320188, 7209821]
                 avg          P99       P99.99         P100
Read         2.20μs      3.61μs     10.06μs      19.74ms
Write         8.24μs     21.82μs    114.28μs       7.21ms

=== bench_out26.dat ===
Monster: conflicts=84251, sync_failures=1962876, empty_requests=0, try_overtime=675621, check_overtime=415222, replicate_overtime=872033
Ops: 2010000  Time: 10.58s  Throughput: 189907.27 ops/sec
Dirty reads: 103 / 1005537 (0.010%)
  Dirty read avg latency: 3.52ms
read_lats: vec100: [1040, 1480, 1490, 1490, 1490, 1491, 1500, 1500, 1500, 1500, 1500, 1500, 1510, 1510, 1510, 1510, 1510, 1510, 1520, 1520, 1520, 1520, 1530, 1530, 1530, 1540, 1540, 1540, 1550, 1550, 1560, 1560, 1570, 1570, 1580, 1581, 1590, 1600, 1600, 1610, 1620, 1620, 1630, 1631, 1640, 1650, 1650, 1660, 1670, 1670, 1680, 1690, 1700, 1700, 1710, 1720, 1720, 1730, 1740, 1750, 1750, 1760, 1770, 1780, 1780, 1790, 1800, 1810, 1820, 1830, 1840, 1841, 1851, 1861, 1880, 1890, 1900, 1910, 1930, 1940, 1960, 1980, 1990, 2010, 2030, 2060, 2080, 2110, 2140, 2170, 2210, 2250, 2291, 2350, 2411, 2500, 2600, 2760, 3040, 3590, 4392450, 16025283]
write_lats: vec100: [4480, 5050, 5180, 5290, 5390, 5480, 5570, 5650, 5730, 5800, 5870, 5940, 6001, 6061, 6120, 6170, 6221, 6270, 6320, 6361, 6410, 6450, 6490, 6530, 6571, 6611, 6651, 6691, 6730, 6770, 6810, 6850, 6890, 6930, 6960, 7000, 7040, 7070, 7110, 7140, 7180, 7210, 7250, 7280, 7311, 7350, 7380, 7411, 7450, 7480, 7520, 7550, 7581, 7620, 7651, 7690, 7721, 7760, 7800, 7840, 7880, 7920, 7960, 8000, 8040, 8090, 8130, 8180, 8220, 8270, 8320, 8370, 8411, 8460, 8510, 8560, 8610, 8651, 8701, 8751, 8810, 8860, 8920, 8971, 9031, 9100, 9170, 9250, 9340, 9440, 9561, 9711, 9900, 10120, 10401, 10840, 11810, 14771, 17420, 23551, 172195, 6788870]
                 avg          P99       P99.99         P100
Read         2.18μs      3.59μs      9.31μs      16.03ms
Write         8.18μs     23.64μs    125.47μs       6.79ms

=== bench_out27.dat ===
Monster: conflicts=87330, sync_failures=1962034, empty_requests=0, try_overtime=676197, check_overtime=416621, replicate_overtime=869216
Ops: 2010000  Time: 10.72s  Throughput: 187547.92 ops/sec
Dirty reads: 123 / 1004661 (0.012%)
  Dirty read avg latency: 3.79ms
read_lats: vec100: [1040, 1480, 1490, 1490, 1500, 1500, 1500, 1500, 1500, 1500, 1510, 1510, 1510, 1510, 1510, 1510, 1520, 1520, 1520, 1520, 1520, 1530, 1530, 1530, 1540, 1540, 1540, 1550, 1550, 1560, 1560, 1570, 1570, 1580, 1580, 1590, 1590, 1600, 1610, 1610, 1620, 1630, 1630, 1640, 1641, 1650, 1660, 1661, 1670, 1680, 1690, 1690, 1700, 1710, 1710, 1720, 1730, 1740, 1740, 1750, 1760, 1761, 1770, 1780, 1790, 1800, 1800, 1810, 1820, 1830, 1840, 1850, 1860, 1870, 1880, 1890, 1910, 1920, 1930, 1950, 1961, 1980, 2000, 2020, 2040, 2060, 2090, 2120, 2150, 2180, 2220, 2260, 2310, 2360, 2430, 2510, 2620, 2790, 3070, 3610, 14541, 15906669]
write_lats: vec100: [4391, 5040, 5171, 5280, 5380, 5470, 5560, 5640, 5720, 5790, 5860, 5930, 5990, 6050, 6110, 6160, 6210, 6260, 6310, 6350, 6400, 6440, 6480, 6521, 6561, 6610, 6650, 6690, 6721, 6761, 6800, 6840, 6880, 6920, 6951, 6990, 7030, 7061, 7100, 7140, 7170, 7210, 7240, 7271, 7310, 7340, 7380, 7410, 7450, 7480, 7510, 7550, 7580, 7620, 7650, 7690, 7721, 7760, 7800, 7840, 7880, 7920, 7960, 8000, 8041, 8090, 8131, 8180, 8230, 8271, 8320, 8370, 8420, 8470, 8520, 8570, 8611, 8660, 8710, 8761, 8820, 8870, 8930, 8990, 9050, 9111, 9190, 9270, 9361, 9470, 9600, 9760, 9950, 10180, 10470, 10951, 12100, 15120, 17690, 24121, 204655, 7270742]
                 avg          P99       P99.99         P100
Read         2.28μs      3.62μs      9.99μs      15.91ms
Write         8.19μs     24.17μs    128.47μs       7.27ms

=== bench_out28.dat ===
Monster: conflicts=91255, sync_failures=2029280, empty_requests=0, try_overtime=692748, check_overtime=451242, replicate_overtime=885290
Ops: 2010000  Time: 10.62s  Throughput: 189301.55 ops/sec
Dirty reads: 98 / 1005037 (0.010%)
  Dirty read avg latency: 3.26ms
read_lats: vec100: [1030, 1480, 1490, 1490, 1490, 1500, 1500, 1500, 1500, 1500, 1500, 1510, 1510, 1510, 1510, 1510, 1510, 1520, 1520, 1520, 1520, 1520, 1530, 1530, 1530, 1540, 1540, 1541, 1550, 1550, 1560, 1560, 1570, 1570, 1580, 1590, 1590, 1600, 1600, 1610, 1620, 1620, 1630, 1630, 1640, 1650, 1650, 1660, 1670, 1670, 1680, 1690, 1691, 1700, 1710, 1720, 1720, 1730, 1740, 1750, 1750, 1760, 1770, 1780, 1780, 1790, 1800, 1810, 1820, 1830, 1840, 1850, 1860, 1870, 1880, 1890, 1900, 1911, 1930, 1940, 1960, 1980, 2000, 2020, 2040, 2060, 2080, 2110, 2140, 2170, 2210, 2250, 2300, 2350, 2420, 2500, 2610, 2770, 3050, 3590, 2889263, 15214392]
write_lats: vec100: [4530, 5070, 5220, 5331, 5440, 5540, 5630, 5720, 5800, 5880, 5950, 6020, 6081, 6141, 6200, 6251, 6310, 6351, 6400, 6450, 6490, 6531, 6580, 6620, 6660, 6700, 6740, 6781, 6821, 6870, 6901, 6941, 6980, 7020, 7060, 7100, 7130, 7170, 7210, 7240, 7280, 7310, 7350, 7380, 7411, 7450, 7481, 7520, 7550, 7590, 7620, 7660, 7690, 7730, 7770, 7800, 7840, 7880, 7920, 7960, 8000, 8040, 8080, 8121, 8170, 8210, 8260, 8300, 8350, 8390, 8440, 8481, 8530, 8571, 8620, 8670, 8710, 8760, 8801, 8850, 8900, 8951, 9010, 9061, 9121, 9190, 9260, 9341, 9440, 9550, 9680, 9840, 10030, 10250, 10550, 11060, 12271, 15461, 18011, 24980, 154744, 5974469]
                 avg          P99       P99.99         P100
Read         2.13μs      3.59μs     14.71μs      15.21ms
Write         8.26μs     25.08μs    129.01μs       5.97ms

=== bench_out29.dat ===
Monster: conflicts=96925, sync_failures=1979147, empty_requests=0, try_overtime=683017, check_overtime=423395, replicate_overtime=872735
Ops: 2010000  Time: 10.70s  Throughput: 187828.68 ops/sec
Dirty reads: 112 / 1004906 (0.011%)
  Dirty read avg latency: 4.04ms
read_lats: vec100: [1050, 1480, 1490, 1490, 1490, 1500, 1500, 1500, 1500, 1500, 1500, 1510, 1510, 1510, 1510, 1510, 1510, 1520, 1520, 1520, 1520, 1520, 1530, 1530, 1530, 1540, 1540, 1540, 1550, 1550, 1560, 1560, 1570, 1570, 1580, 1580, 1590, 1600, 1600, 1610, 1610, 1620, 1630, 1630, 1640, 1650, 1650, 1660, 1670, 1670, 1680, 1690, 1690, 1700, 1710, 1720, 1720, 1730, 1740, 1740, 1750, 1760, 1770, 1770, 1780, 1790, 1800, 1810, 1820, 1830, 1831, 1840, 1850, 1860, 1880, 1890, 1900, 1910, 1930, 1940, 1960, 1971, 1990, 2010, 2030, 2060, 2080, 2110, 2140, 2170, 2210, 2250, 2290, 2350, 2410, 2490, 2600, 2760, 3040, 3581, 14472314, 18518445]
write_lats: vec100: [4520, 5040, 5180, 5290, 5390, 5480, 5561, 5650, 5721, 5800, 5870, 5940, 6000, 6060, 6120, 6170, 6221, 6270, 6320, 6370, 6410, 6460, 6500, 6540, 6580, 6620, 6660, 6700, 6740, 6780, 6820, 6860, 6900, 6931, 6970, 7010, 7050, 7081, 7120, 7160, 7190, 7221, 7260, 7291, 7330, 7360, 7400, 7430, 7461, 7500, 7531, 7570, 7601, 7640, 7671, 7710, 7750, 7781, 7820, 7860, 7900, 7940, 7980, 8021, 8070, 8110, 8160, 8210, 8251, 8300, 8350, 8400, 8450, 8500, 8541, 8590, 8640, 8690, 8740, 8790, 8840, 8900, 8950, 9010, 9070, 9140, 9210, 9291, 9390, 9500, 9630, 9790, 9981, 10230, 10540, 11111, 12720, 15720, 18180, 25551, 134293, 3599681]
                 avg          P99       P99.99         P100
Read         2.25μs      3.58μs      9.94μs      18.52ms
Write         8.21μs     25.67μs    132.52μs       3.60ms

=== bench_out2.dat ===
Monster: conflicts=5389, sync_failures=1968843, empty_requests=0, try_overtime=653381, check_overtime=400489, replicate_overtime=914973
Ops: 2010000  Time: 10.08s  Throughput: 199422.22 ops/sec
Dirty reads: 110 / 1005123 (0.011%)
  Dirty read avg latency: 2.89ms
read_lats: vec100: [1080, 1490, 1490, 1500, 1500, 1500, 1500, 1500, 1500, 1510, 1510, 1510, 1510, 1510, 1510, 1510, 1520, 1520, 1520, 1520, 1520, 1520, 1530, 1530, 1530, 1540, 1540, 1540, 1550, 1550, 1550, 1560, 1560, 1570, 1571, 1580, 1590, 1590, 1600, 1600, 1610, 1620, 1620, 1630, 1640, 1640, 1650, 1660, 1660, 1670, 1680, 1690, 1690, 1700, 1710, 1710, 1720, 1730, 1740, 1740, 1750, 1760, 1770, 1770, 1780, 1790, 1800, 1810, 1810, 1820, 1830, 1840, 1850, 1860, 1870, 1880, 1900, 1910, 1920, 1940, 1951, 1970, 1990, 2010, 2030, 2050, 2080, 2110, 2130, 2170, 2200, 2240, 2290, 2350, 2410, 2500, 2610, 2770, 3050, 3581, 6795431, 15642763]
write_lats: vec100: [4510, 5070, 5210, 5330, 5430, 5520, 5610, 5700, 5780, 5860, 5930, 6000, 6060, 6120, 6180, 6230, 6280, 6330, 6380, 6420, 6460, 6510, 6550, 6590, 6630, 6670, 6710, 6750, 6790, 6821, 6860, 6900, 6940, 6980, 7010, 7050, 7081, 7120, 7151, 7190, 7220, 7260, 7290, 7321, 7360, 7390, 7421, 7460, 7490, 7520, 7560, 7590, 7620, 7660, 7690, 7730, 7760, 7800, 7830, 7870, 7910, 7941, 7981, 8020, 8061, 8101, 8150, 8190, 8230, 8280, 8320, 8370, 8410, 8451, 8500, 8540, 8590, 8630, 8680, 8720, 8770, 8811, 8861, 8911, 8970, 9020, 9080, 9140, 9210, 9280, 9360, 9451, 9570, 9700, 9860, 10050, 10280, 10570, 11030, 11961, 75352, 3256232]
                 avg          P99       P99.99         P100
Read         2.14μs      3.59μs      9.28μs      15.64ms
Write         7.73μs     11.98μs     63.56μs       3.26ms

=== bench_out30.dat ===
Monster: conflicts=98840, sync_failures=2078099, empty_requests=0, try_overtime=713745, check_overtime=478061, replicate_overtime=886293
Ops: 2010000  Time: 10.89s  Throughput: 184653.46 ops/sec
Dirty reads: 112 / 1003843 (0.011%)
  Dirty read avg latency: 3.88ms
read_lats: vec100: [1060, 1480, 1490, 1490, 1500, 1500, 1500, 1500, 1500, 1500, 1510, 1510, 1510, 1510, 1510, 1510, 1520, 1520, 1520, 1520, 1520, 1530, 1530, 1530, 1531, 1540, 1540, 1550, 1550, 1551, 1560, 1561, 1570, 1580, 1580, 1590, 1590, 1600, 1600, 1610, 1620, 1620, 1630, 1640, 1640, 1650, 1651, 1660, 1670, 1671, 1680, 1690, 1700, 1700, 1710, 1720, 1720, 1730, 1740, 1750, 1750, 1760, 1770, 1780, 1780, 1790, 1800, 1810, 1820, 1830, 1840, 1850, 1860, 1870, 1880, 1890, 1900, 1911, 1930, 1940, 1960, 1980, 2000, 2020, 2040, 2060, 2080, 2110, 2140, 2180, 2210, 2250, 2300, 2360, 2420, 2510, 2620, 2780, 3050, 3580, 4090532, 15796607]
write_lats: vec100: [4430, 5080, 5231, 5360, 5470, 5570, 5670, 5760, 5840, 5920, 6000, 6070, 6131, 6200, 6250, 6310, 6360, 6410, 6460, 6510, 6550, 6600, 6640, 6690, 6730, 6770, 6811, 6860, 6900, 6940, 6980, 7020, 7060, 7091, 7130, 7170, 7210, 7250, 7280, 7320, 7350, 7390, 7421, 7460, 7491, 7530, 7561, 7600, 7640, 7670, 7710, 7741, 7780, 7820, 7860, 7891, 7931, 7970, 8010, 8051, 8091, 8140, 8180, 8221, 8270, 8310, 8351, 8400, 8440, 8490, 8530, 8570, 8620, 8660, 8700, 8741, 8790, 8830, 8880, 8930, 8971, 9030, 9080, 9140, 9200, 9270, 9341, 9430, 9530, 9650, 9790, 9950, 10150, 10380, 10700, 11291, 12890, 15950, 18410, 26021, 156374, 7065648]
                 avg          P99       P99.99         P100
Read         2.25μs      3.58μs      9.83μs      15.80ms
Write         8.38μs     26.08μs    128.21μs       7.07ms

=== bench_out31.dat ===
Monster: conflicts=105341, sync_failures=1987260, empty_requests=0, try_overtime=687382, check_overtime=427068, replicate_overtime=872810
Ops: 2010000  Time: 10.76s  Throughput: 186783.08 ops/sec
Dirty reads: 104 / 1006042 (0.010%)
  Dirty read avg latency: 4.47ms
read_lats: vec100: [1100, 1480, 1490, 1490, 1500, 1500, 1500, 1500, 1500, 1500, 1510, 1510, 1510, 1510, 1510, 1510, 1511, 1520, 1520, 1520, 1520, 1530, 1530, 1530, 1530, 1540, 1540, 1550, 1550, 1550, 1560, 1560, 1570, 1570, 1580, 1590, 1590, 1600, 1600, 1610, 1620, 1620, 1630, 1630, 1640, 1650, 1650, 1660, 1670, 1670, 1680, 1690, 1691, 1700, 1710, 1720, 1720, 1730, 1740, 1750, 1750, 1760, 1770, 1780, 1780, 1790, 1800, 1810, 1820, 1830, 1840, 1841, 1850, 1860, 1880, 1890, 1900, 1910, 1930, 1940, 1960, 1971, 1990, 2010, 2030, 2051, 2080, 2110, 2140, 2170, 2210, 2250, 2290, 2350, 2410, 2490, 2600, 2760, 3040, 3580, 4632586, 16426942]
write_lats: vec100: [4450, 5040, 5180, 5290, 5390, 5480, 5570, 5650, 5730, 5800, 5870, 5940, 6001, 6070, 6120, 6180, 6230, 6280, 6321, 6370, 6411, 6460, 6500, 6540, 6581, 6621, 6670, 6710, 6741, 6781, 6821, 6861, 6900, 6940, 6980, 7020, 7051, 7090, 7130, 7160, 7200, 7230, 7270, 7300, 7331, 7370, 7400, 7440, 7470, 7501, 7540, 7571, 7610, 7641, 7680, 7720, 7751, 7790, 7830, 7870, 7910, 7950, 7990, 8031, 8080, 8120, 8170, 8211, 8260, 8310, 8360, 8410, 8451, 8501, 8550, 8600, 8650, 8700, 8750, 8800, 8850, 8901, 8960, 9020, 9080, 9150, 9221, 9310, 9400, 9520, 9651, 9830, 10030, 10280, 10630, 11320, 13460, 16131, 18591, 26681, 169294, 7117639]
                 avg          P99       P99.99         P100
Read         2.27μs      3.58μs      9.50μs      16.43ms
Write         8.29μs     26.76μs    136.87μs       7.12ms

=== bench_out32.dat ===
Monster: conflicts=108246, sync_failures=2097739, empty_requests=0, try_overtime=724067, check_overtime=487175, replicate_overtime=886497
Ops: 2010000  Time: 10.87s  Throughput: 184857.42 ops/sec
Dirty reads: 103 / 1005197 (0.010%)
  Dirty read avg latency: 3.41ms
read_lats: vec100: [1040, 1480, 1490, 1500, 1500, 1500, 1500, 1500, 1500, 1510, 1510, 1510, 1510, 1510, 1510, 1511, 1520, 1520, 1520, 1520, 1521, 1530, 1530, 1530, 1540, 1540, 1540, 1550, 1550, 1560, 1560, 1570, 1570, 1580, 1580, 1590, 1590, 1600, 1610, 1610, 1620, 1620, 1630, 1640, 1640, 1650, 1660, 1660, 1670, 1680, 1680, 1690, 1700, 1701, 1710, 1720, 1730, 1730, 1740, 1750, 1760, 1760, 1770, 1780, 1790, 1790, 1800, 1810, 1820, 1830, 1840, 1850, 1860, 1870, 1880, 1890, 1900, 1920, 1930, 1950, 1960, 1980, 2000, 2020, 2040, 2060, 2090, 2110, 2140, 2171, 2210, 2250, 2300, 2360, 2420, 2500, 2611, 2770, 3041, 3570, 9710, 15016927]
write_lats: vec100: [4530, 5090, 5240, 5370, 5490, 5590, 5690, 5780, 5870, 5950, 6030, 6100, 6160, 6221, 6280, 6340, 6390, 6440, 6490, 6531, 6580, 6630, 6670, 6711, 6760, 6800, 6840, 6881, 6921, 6970, 7010, 7050, 7081, 7121, 7160, 7200, 7240, 7271, 7310, 7341, 7380, 7411, 7450, 7481, 7520, 7551, 7590, 7621, 7660, 7700, 7730, 7770, 7810, 7841, 7880, 7920, 7960, 8000, 8040, 8080, 8120, 8160, 8210, 8250, 8290, 8331, 8380, 8420, 8470, 8510, 8550, 8590, 8631, 8680, 8720, 8761, 8810, 8850, 8900, 8940, 8990, 9041, 9100, 9160, 9220, 9290, 9370, 9460, 9560, 9681, 9830, 10000, 10201, 10450, 10830, 11570, 13900, 16561, 19100, 27531, 6778090, 6872443]
                 avg          P99       P99.99         P100
Read         2.17μs      3.58μs      9.53μs      15.02ms
Write         8.46μs     27.53μs    135.63μs       6.87ms

=== bench_out33.dat ===
Monster: conflicts=116913, sync_failures=2006162, empty_requests=0, try_overtime=698040, check_overtime=438879, replicate_overtime=869243
Ops: 2010000  Time: 10.77s  Throughput: 186574.09 ops/sec
Dirty reads: 116 / 1005309 (0.012%)
  Dirty read avg latency: 3.23ms
read_lats: vec100: [1020, 1480, 1490, 1500, 1500, 1500, 1500, 1500, 1500, 1510, 1510, 1510, 1510, 1510, 1510, 1520, 1520, 1520, 1520, 1520, 1530, 1530, 1530, 1530, 1540, 1540, 1540, 1550, 1550, 1560, 1560, 1570, 1570, 1580, 1580, 1590, 1590, 1600, 1610, 1610, 1620, 1620, 1630, 1640, 1640, 1650, 1660, 1660, 1670, 1680, 1680, 1690, 1700, 1701, 1710, 1720, 1730, 1730, 1740, 1750, 1760, 1760, 1770, 1780, 1790, 1790, 1800, 1810, 1820, 1830, 1840, 1850, 1860, 1870, 1880, 1890, 1900, 1920, 1930, 1950, 1960, 1980, 2000, 2020, 2040, 2060, 2080, 2110, 2140, 2170, 2210, 2250, 2300, 2350, 2420, 2500, 2610, 2770, 3040, 3581, 13491339, 22846644]
write_lats: vec100: [4520, 5050, 5190, 5300, 5400, 5490, 5580, 5661, 5741, 5820, 5891, 5960, 6030, 6090, 6150, 6200, 6250, 6300, 6350, 6391, 6440, 6480, 6521, 6570, 6610, 6650, 6690, 6730, 6770, 6810, 6850, 6890, 6930, 6970, 7000, 7040, 7080, 7110, 7150, 7181, 7220, 7260, 7290, 7321, 7360, 7390, 7430, 7460, 7500, 7530, 7561, 7600, 7640, 7670, 7710, 7741, 7780, 7820, 7860, 7900, 7940, 7980, 8020, 8061, 8110, 8151, 8200, 8250, 8291, 8340, 8390, 8440, 8490, 8530, 8580, 8630, 8680, 8730, 8780, 8830, 8880, 8930, 8990, 9050, 9111, 9181, 9260, 9350, 9450, 9570, 9720, 9900, 10120, 10390, 10811, 11761, 14481, 16731, 19350, 28061, 142353, 7091289]
                 avg          P99       P99.99         P100
Read         2.17μs      3.59μs     10.01μs      22.85ms
Write         8.37μs     28.17μs    140.23μs       7.09ms

=== bench_out34.dat ===
Monster: conflicts=120579, sync_failures=2010295, empty_requests=0, try_overtime=702715, check_overtime=442780, replicate_overtime=864800
Ops: 2010000  Time: 11.13s  Throughput: 180626.47 ops/sec
Dirty reads: 128 / 1004388 (0.013%)
  Dirty read avg latency: 4.95ms
read_lats: vec100: [1050, 1490, 1490, 1500, 1500, 1500, 1500, 1500, 1510, 1510, 1510, 1510, 1510, 1510, 1520, 1520, 1520, 1520, 1520, 1520, 1530, 1530, 1530, 1531, 1540, 1540, 1550, 1550, 1550, 1560, 1560, 1570, 1570, 1580, 1580, 1590, 1600, 1600, 1610, 1610, 1620, 1630, 1630, 1640, 1650, 1650, 1660, 1670, 1670, 1680, 1690, 1690, 1700, 1710, 1720, 1720, 1730, 1740, 1750, 1750, 1760, 1770, 1771, 1780, 1790, 1800, 1810, 1820, 1821, 1831, 1840, 1850, 1860, 1870, 1890, 1900, 1910, 1920, 1940, 1951, 1970, 1990, 2010, 2030, 2050, 2070, 2100, 2130, 2160, 2190, 2230, 2271, 2320, 2380, 2450, 2530, 2650, 2811, 3080, 3610, 11710, 23558492]
write_lats: vec100: [4510, 5031, 5170, 5290, 5390, 5481, 5570, 5660, 5740, 5810, 5881, 5950, 6020, 6080, 6140, 6190, 6241, 6300, 6341, 6390, 6431, 6480, 6520, 6561, 6610, 6650, 6690, 6730, 6770, 6810, 6850, 6890, 6930, 6970, 7010, 7041, 7080, 7120, 7151, 7190, 7230, 7260, 7300, 7330, 7370, 7400, 7440, 7470, 7510, 7540, 7571, 7610, 7650, 7680, 7720, 7760, 7800, 7831, 7871, 7911, 7960, 8000, 8040, 8090, 8130, 8180, 8220, 8270, 8320, 8370, 8411, 8460, 8510, 8560, 8610, 8651, 8700, 8750, 8801, 8851, 8910, 8960, 9020, 9080, 9150, 9220, 9300, 9400, 9500, 9631, 9790, 9980, 10210, 10490, 10961, 12010, 14721, 16900, 19491, 28791, 305467, 6883603]
                 avg          P99       P99.99         P100
Read         2.46μs      3.62μs     10.56μs      23.56ms
Write         8.41μs     28.81μs    146.58μs       6.88ms

=== bench_out35.dat ===
Monster: conflicts=128192, sync_failures=2017992, empty_requests=0, try_overtime=706982, check_overtime=445014, replicate_overtime=865996
Ops: 2010000  Time: 10.90s  Throughput: 184379.28 ops/sec
Dirty reads: 113 / 1003791 (0.011%)
  Dirty read avg latency: 3.43ms
read_lats: vec100: [1090, 1490, 1490, 1500, 1500, 1500, 1500, 1510, 1510, 1510, 1510, 1510, 1510, 1510, 1520, 1520, 1520, 1520, 1520, 1521, 1530, 1530, 1530, 1540, 1540, 1540, 1550, 1550, 1550, 1560, 1560, 1570, 1570, 1580, 1581, 1590, 1600, 1600, 1610, 1610, 1620, 1630, 1630, 1640, 1650, 1650, 1660, 1670, 1670, 1680, 1690, 1690, 1700, 1710, 1711, 1720, 1730, 1740, 1740, 1750, 1760, 1770, 1770, 1780, 1790, 1800, 1801, 1810, 1820, 1830, 1840, 1850, 1860, 1870, 1880, 1890, 1910, 1920, 1930, 1950, 1961, 1980, 2000, 2020, 2040, 2060, 2090, 2120, 2150, 2180, 2210, 2260, 2300, 2360, 2430, 2510, 2620, 2780, 3060, 3590, 10360, 15770096]
write_lats: vec100: [4520, 5040, 5190, 5300, 5400, 5500, 5581, 5670, 5750, 5830, 5900, 5970, 6030, 6090, 6150, 6201, 6260, 6310, 6351, 6400, 6441, 6490, 6530, 6571, 6620, 6660, 6700, 6740, 6780, 6820, 6860, 6900, 6940, 6980, 7010, 7050, 7090, 7121, 7160, 7200, 7230, 7270, 7300, 7340, 7370, 7410, 7440, 7471, 7510, 7541, 7580, 7611, 7650, 7690, 7720, 7760, 7800, 7831, 7870, 7910, 7950, 7991, 8040, 8080, 8130, 8170, 8220, 8270, 8310, 8360, 8410, 8460, 8510, 8551, 8600, 8650, 8700, 8750, 8800, 8850, 8901, 8960, 9020, 9080, 9150, 9220, 9300, 9390, 9500, 9631, 9800, 9990, 10220, 10520, 11050, 12420, 15141, 17171, 20071, 29871, 403200, 6851653]
                 avg          P99       P99.99         P100
Read         2.20μs      3.60μs      9.87μs      15.77ms
Write         8.46μs     29.88μs    144.82μs       6.85ms

=== bench_out36.dat ===
Monster: conflicts=126505, sync_failures=2070975, empty_requests=0, try_overtime=709643, check_overtime=490772, replicate_overtime=870560
Ops: 2010000  Time: 11.04s  Throughput: 182138.77 ops/sec
Dirty reads: 108 / 1005242 (0.011%)
  Dirty read avg latency: 4.52ms
read_lats: vec100: [1060, 1480, 1490, 1490, 1490, 1491, 1500, 1500, 1500, 1500, 1500, 1500, 1510, 1510, 1510, 1510, 1510, 1510, 1510, 1520, 1520, 1520, 1520, 1520, 1530, 1530, 1530, 1540, 1540, 1540, 1550, 1550, 1560, 1560, 1570, 1570, 1580, 1590, 1590, 1600, 1600, 1610, 1620, 1620, 1630, 1631, 1640, 1650, 1651, 1660, 1670, 1680, 1680, 1690, 1700, 1700, 1710, 1720, 1730, 1730, 1740, 1750, 1760, 1760, 1770, 1780, 1790, 1791, 1800, 1810, 1820, 1830, 1840, 1850, 1860, 1870, 1880, 1900, 1910, 1930, 1940, 1960, 1980, 2000, 2020, 2040, 2060, 2090, 2120, 2150, 2190, 2230, 2270, 2330, 2390, 2470, 2580, 2730, 3010, 3540, 4509213, 22677310]
write_lats: vec100: [4380, 5030, 5170, 5290, 5400, 5500, 5590, 5680, 5760, 5840, 5910, 5981, 6050, 6120, 6180, 6230, 6290, 6340, 6390, 6440, 6490, 6530, 6580, 6620, 6670, 6710, 6751, 6800, 6840, 6880, 6921, 6970, 7010, 7050, 7090, 7130, 7161, 7200, 7240, 7280, 7311, 7350, 7390, 7420, 7460, 7491, 7530, 7570, 7600, 7640, 7671, 7710, 7750, 7781, 7821, 7860, 7900, 7940, 7980, 8021, 8070, 8110, 8150, 8200, 8240, 8290, 8330, 8380, 8420, 8470, 8510, 8560, 8600, 8641, 8690, 8730, 8780, 8820, 8870, 8920, 8970, 9020, 9080, 9140, 9200, 9270, 9350, 9450, 9560, 9700, 9850, 10040, 10261, 10560, 11090, 12351, 15270, 17410, 20320, 30010, 165175, 7181800]
                 avg          P99       P99.99         P100
Read         2.27μs      3.54μs      9.75μs      22.68ms
Write         8.53μs     30.10μs    139.59μs       7.18ms

=== bench_out37.dat ===
Monster: conflicts=138901, sync_failures=1968649, empty_requests=0, try_overtime=686058, check_overtime=439071, replicate_overtime=843520
Ops: 2010000  Time: 11.03s  Throughput: 182278.21 ops/sec
Dirty reads: 121 / 1004240 (0.012%)
  Dirty read avg latency: 4.48ms
read_lats: vec100: [990, 1480, 1490, 1490, 1490, 1491, 1500, 1500, 1500, 1500, 1500, 1500, 1510, 1510, 1510, 1510, 1510, 1510, 1510, 1520, 1520, 1520, 1520, 1521, 1530, 1530, 1530, 1540, 1540, 1550, 1550, 1550, 1560, 1560, 1570, 1570, 1580, 1590, 1590, 1600, 1600, 1610, 1620, 1620, 1630, 1640, 1640, 1650, 1660, 1660, 1670, 1680, 1680, 1690, 1700, 1701, 1710, 1720, 1730, 1730, 1740, 1750, 1760, 1760, 1770, 1780, 1790, 1800, 1800, 1810, 1820, 1830, 1840, 1850, 1860, 1870, 1880, 1900, 1910, 1930, 1940, 1960, 1980, 2000, 2020, 2040, 2060, 2090, 2120, 2150, 2190, 2230, 2270, 2330, 2390, 2470, 2580, 2731, 3000, 3531, 7115979, 18519425]
write_lats: vec100: [4400, 4980, 5120, 5220, 5320, 5401, 5490, 5570, 5650, 5720, 5790, 5851, 5920, 5980, 6040, 6090, 6141, 6200, 6241, 6290, 6340, 6380, 6430, 6470, 6510, 6550, 6591, 6631, 6680, 6720, 6760, 6800, 6840, 6880, 6911, 6951, 6990, 7030, 7070, 7110, 7141, 7180, 7220, 7250, 7290, 7320, 7360, 7390, 7430, 7461, 7500, 7540, 7570, 7610, 7650, 7680, 7720, 7760, 7800, 7840, 7880, 7920, 7960, 8010, 8050, 8100, 8140, 8190, 8240, 8290, 8340, 8390, 8440, 8490, 8540, 8590, 8640, 8690, 8741, 8800, 8850, 8910, 8970, 9030, 9100, 9170, 9250, 9350, 9460, 9590, 9751, 9950, 10200, 10531, 11171, 13120, 15521, 17450, 20850, 31361, 170264, 7145770]
                 avg          P99       P99.99         P100
Read         2.35μs      3.54μs      9.93μs      18.52ms
Write         8.42μs     31.50μs    144.60μs       7.15ms

=== bench_out38.dat ===
Monster: conflicts=145449, sync_failures=1976770, empty_requests=0, try_overtime=692689, check_overtime=440880, replicate_overtime=843201
Ops: 2010000  Time: 11.01s  Throughput: 182600.38 ops/sec
Dirty reads: 110 / 1005319 (0.011%)
  Dirty read avg latency: 4.43ms
read_lats: vec100: [1050, 1480, 1490, 1490, 1500, 1500, 1500, 1500, 1500, 1500, 1500, 1510, 1510, 1510, 1510, 1510, 1510, 1510, 1520, 1520, 1520, 1520, 1520, 1530, 1530, 1530, 1540, 1540, 1540, 1550, 1550, 1560, 1560, 1570, 1570, 1580, 1580, 1590, 1590, 1600, 1610, 1610, 1620, 1621, 1630, 1640, 1640, 1650, 1660, 1661, 1670, 1680, 1690, 1690, 1700, 1710, 1710, 1720, 1730, 1740, 1740, 1750, 1760, 1770, 1770, 1780, 1790, 1800, 1810, 1820, 1830, 1831, 1840, 1850, 1860, 1880, 1890, 1900, 1910, 1930, 1940, 1960, 1980, 2000, 2020, 2040, 2061, 2090, 2120, 2150, 2190, 2230, 2280, 2330, 2390, 2470, 2580, 2740, 3010, 3540, 11535290, 16060714]
write_lats: vec100: [4390, 4990, 5120, 5230, 5320, 5410, 5491, 5580, 5651, 5730, 5800, 5870, 5930, 5990, 6050, 6100, 6160, 6210, 6260, 6300, 6350, 6390, 6440, 6480, 6520, 6560, 6600, 6640, 6680, 6721, 6761, 6801, 6841, 6881, 6920, 6960, 7000, 7040, 7080, 7111, 7150, 7190, 7220, 7260, 7290, 7330, 7360, 7400, 7431, 7470, 7501, 7540, 7580, 7610, 7650, 7690, 7721, 7760, 7800, 7840, 7880, 7930, 7970, 8010, 8060, 8101, 8150, 8200, 8250, 8300, 8350, 8400, 8450, 8500, 8550, 8600, 8650, 8701, 8751, 8810, 8861, 8920, 8980, 9041, 9110, 9190, 9270, 9370, 9480, 9620, 9790, 10000, 10260, 10621, 11391, 13571, 15780, 17750, 21640, 32721, 164324, 7177030]
                 avg          P99       P99.99         P100
Read         2.27μs      3.54μs      9.95μs      16.06ms
Write         8.50μs     32.85μs    154.06μs       7.18ms

=== bench_out39.dat ===
Monster: conflicts=143143, sync_failures=2085217, empty_requests=0, try_overtime=719672, check_overtime=500212, replicate_overtime=865333
Ops: 2010000  Time: 11.20s  Throughput: 179466.48 ops/sec
Dirty reads: 127 / 1005105 (0.013%)
  Dirty read avg latency: 4.05ms
read_lats: vec100: [1040, 1480, 1490, 1490, 1490, 1500, 1500, 1500, 1500, 1500, 1500, 1510, 1510, 1510, 1510, 1510, 1510, 1510, 1520, 1520, 1520, 1520, 1520, 1530, 1530, 1530, 1540, 1540, 1540, 1550, 1550, 1560, 1560, 1570, 1570, 1580, 1580, 1590, 1590, 1600, 1610, 1610, 1620, 1630, 1630, 1640, 1641, 1650, 1660, 1670, 1670, 1680, 1690, 1690, 1700, 1710, 1720, 1720, 1730, 1740, 1741, 1750, 1760, 1770, 1780, 1780, 1790, 1800, 1810, 1820, 1830, 1840, 1850, 1860, 1870, 1880, 1890, 1900, 1920, 1930, 1950, 1970, 1980, 2000, 2021, 2050, 2070, 2100, 2130, 2160, 2200, 2240, 2290, 2340, 2410, 2490, 2600, 2750, 3020, 3540, 14684699, 25574233]
write_lats: vec100: [4410, 5020, 5160, 5280, 5381, 5490, 5580, 5670, 5750, 5830, 5910, 5980, 6050, 6110, 6170, 6230, 6290, 6340, 6390, 6440, 6490, 6531, 6580, 6630, 6670, 6711, 6760, 6800, 6841, 6890, 6930, 6970, 7010, 7051, 7091, 7131, 7170, 7210, 7250, 7290, 7321, 7360, 7400, 7431, 7470, 7510, 7540, 7580, 7620, 7650, 7690, 7730, 7770, 7801, 7840, 7880, 7920, 7960, 8001, 8050, 8090, 8131, 8180, 8221, 8270, 8311, 8360, 8401, 8450, 8491, 8540, 8581, 8630, 8670, 8720, 8760, 8810, 8851, 8900, 8950, 9000, 9060, 9120, 9180, 9250, 9321, 9411, 9520, 9641, 9790, 9960, 10161, 10411, 10790, 11560, 13790, 16130, 18100, 21781, 32301, 145564, 7683553]
                 avg          P99       P99.99         P100
Read         2.31μs      3.54μs      9.61μs      25.57ms
Write         8.64μs     32.46μs    142.20μs       7.68ms

=== bench_out3.dat ===
Monster: conflicts=7676, sync_failures=1873605, empty_requests=0, try_overtime=628665, check_overtime=347550, replicate_overtime=897390
Ops: 2010000  Time: 10.08s  Throughput: 199342.81 ops/sec
Dirty reads: 111 / 1004104 (0.011%)
  Dirty read avg latency: 4.12ms
read_lats: vec100: [1060, 1490, 1490, 1500, 1500, 1500, 1500, 1500, 1500, 1510, 1510, 1510, 1510, 1510, 1510, 1510, 1520, 1520, 1520, 1520, 1520, 1521, 1530, 1530, 1530, 1540, 1540, 1540, 1550, 1550, 1551, 1560, 1561, 1570, 1580, 1580, 1590, 1590, 1600, 1601, 1610, 1620, 1620, 1630, 1640, 1640, 1650, 1660, 1661, 1670, 1680, 1690, 1690, 1700, 1710, 1711, 1720, 1730, 1740, 1740, 1750, 1760, 1770, 1770, 1780, 1790, 1800, 1810, 1811, 1820, 1830, 1840, 1850, 1860, 1870, 1890, 1900, 1910, 1930, 1940, 1960, 1970, 1990, 2010, 2030, 2060, 2080, 2110, 2140, 2170, 2210, 2250, 2300, 2350, 2420, 2500, 2610, 2770, 3050, 3590, 14232217, 16005683]
write_lats: vec100: [4500, 5030, 5160, 5260, 5350, 5440, 5520, 5600, 5670, 5740, 5810, 5870, 5930, 5990, 6050, 6100, 6150, 6200, 6241, 6290, 6330, 6370, 6410, 6450, 6490, 6530, 6570, 6601, 6640, 6680, 6711, 6750, 6790, 6820, 6860, 6891, 6930, 6961, 7000, 7031, 7070, 7100, 7131, 7170, 7200, 7230, 7260, 7300, 7330, 7360, 7390, 7421, 7460, 7490, 7520, 7551, 7590, 7620, 7651, 7690, 7721, 7760, 7800, 7831, 7870, 7910, 7950, 7991, 8040, 8080, 8130, 8170, 8220, 8270, 8320, 8370, 8420, 8470, 8520, 8570, 8620, 8670, 8721, 8780, 8830, 8890, 8950, 9010, 9080, 9150, 9230, 9321, 9430, 9560, 9720, 9910, 10150, 10451, 10940, 12001, 59161, 3258682]
                 avg          P99       P99.99         P100
Read         2.27μs      3.59μs      9.83μs      16.01ms
Write         7.60μs     12.02μs     56.26μs       3.26ms

=== bench_out40.dat ===
Monster: conflicts=152566, sync_failures=2094294, empty_requests=0, try_overtime=716439, check_overtime=531369, replicate_overtime=846486
Ops: 2010000  Time: 11.22s  Throughput: 179220.71 ops/sec
Dirty reads: 118 / 1004754 (0.012%)
  Dirty read avg latency: 3.82ms
read_lats: vec100: [1020, 1480, 1490, 1490, 1500, 1500, 1500, 1500, 1500, 1500, 1510, 1510, 1510, 1510, 1510, 1510, 1510, 1520, 1520, 1520, 1520, 1520, 1530, 1530, 1530, 1530, 1540, 1540, 1541, 1550, 1550, 1560, 1560, 1570, 1570, 1580, 1580, 1590, 1600, 1600, 1610, 1611, 1620, 1630, 1630, 1640, 1650, 1650, 1660, 1670, 1670, 1680, 1690, 1700, 1700, 1710, 1720, 1721, 1730, 1740, 1750, 1750, 1760, 1770, 1780, 1781, 1790, 1800, 1810, 1820, 1830, 1840, 1850, 1860, 1870, 1880, 1890, 1910, 1920, 1930, 1950, 1970, 1990, 2001, 2030, 2050, 2070, 2100, 2130, 2160, 2200, 2240, 2281, 2340, 2410, 2490, 2590, 2750, 3030, 3550, 1052706, 15856569]
write_lats: vec100: [4390, 5020, 5160, 5280, 5390, 5500, 5590, 5690, 5770, 5851, 5930, 6001, 6071, 6140, 6200, 6260, 6310, 6370, 6420, 6470, 6511, 6560, 6610, 6651, 6700, 6750, 6790, 6831, 6880, 6920, 6960, 7001, 7050, 7090, 7130, 7170, 7210, 7241, 7280, 7320, 7360, 7400, 7430, 7470, 7510, 7540, 7580, 7620, 7651, 7690, 7730, 7770, 7801, 7840, 7880, 7920, 7960, 8000, 8040, 8081, 8130, 8170, 8210, 8260, 8300, 8341, 8390, 8430, 8471, 8520, 8560, 8600, 8641, 8690, 8730, 8770, 8820, 8860, 8910, 8960, 9010, 9070, 9121, 9190, 9260, 9340, 9430, 9540, 9661, 9820, 9991, 10201, 10470, 10890, 11780, 14260, 16300, 18171, 22461, 34061, 186465, 7788976]
                 avg          P99       P99.99         P100
Read         2.26μs      3.56μs     10.27μs      15.86ms
Write         8.70μs     34.13μs    148.14μs       7.79ms

=== bench_out41.dat ===
Monster: conflicts=162117, sync_failures=2054520, empty_requests=0, try_overtime=705165, check_overtime=508760, replicate_overtime=840595
Ops: 2010000  Time: 11.23s  Throughput: 179039.00 ops/sec
Dirty reads: 108 / 1004284 (0.011%)
  Dirty read avg latency: 4.43ms
read_lats: vec100: [1020, 1480, 1490, 1491, 1500, 1500, 1500, 1500, 1500, 1510, 1510, 1510, 1510, 1510, 1510, 1510, 1520, 1520, 1520, 1520, 1520, 1520, 1530, 1530, 1530, 1540, 1540, 1540, 1550, 1550, 1551, 1560, 1560, 1570, 1571, 1580, 1590, 1590, 1600, 1600, 1610, 1620, 1620, 1630, 1640, 1640, 1650, 1660, 1660, 1670, 1680, 1680, 1690, 1700, 1700, 1710, 1720, 1730, 1730, 1740, 1750, 1760, 1760, 1770, 1780, 1790, 1790, 1800, 1810, 1820, 1830, 1840, 1850, 1860, 1870, 1880, 1890, 1910, 1920, 1940, 1950, 1970, 1990, 2010, 2030, 2050, 2070, 2100, 2130, 2160, 2200, 2240, 2290, 2340, 2410, 2490, 2600, 2750, 3020, 3540, 10860, 15803557]
write_lats: vec100: [4390, 5000, 5140, 5250, 5360, 5451, 5550, 5631, 5720, 5800, 5870, 5940, 6010, 6080, 6140, 6191, 6250, 6300, 6351, 6400, 6450, 6491, 6540, 6581, 6630, 6670, 6720, 6760, 6800, 6841, 6890, 6930, 6970, 7010, 7050, 7090, 7130, 7170, 7210, 7240, 7280, 7320, 7351, 7390, 7430, 7460, 7500, 7540, 7571, 7610, 7650, 7681, 7720, 7760, 7800, 7840, 7880, 7920, 7960, 8000, 8041, 8090, 8130, 8180, 8220, 8270, 8310, 8360, 8401, 8450, 8491, 8540, 8590, 8630, 8671, 8720, 8770, 8811, 8861, 8911, 8970, 9021, 9081, 9150, 9220, 9300, 9391, 9501, 9640, 9791, 9980, 10210, 10500, 11010, 12221, 14660, 16481, 18350, 23430, 35091, 277267, 7181531]
                 avg          P99       P99.99         P100
Read         2.29μs      3.55μs      9.84μs      15.80ms
Write         8.69μs     35.12μs    157.37μs       7.18ms

=== bench_out42.dat ===
Monster: conflicts=163442, sync_failures=2101201, empty_requests=0, try_overtime=722683, check_overtime=536127, replicate_overtime=842391
Ops: 2010000  Time: 11.29s  Throughput: 178088.27 ops/sec
Dirty reads: 124 / 1005220 (0.012%)
  Dirty read avg latency: 3.57ms
read_lats: vec100: [1040, 1490, 1490, 1500, 1500, 1500, 1500, 1500, 1510, 1510, 1510, 1510, 1510, 1510, 1510, 1511, 1520, 1520, 1520, 1520, 1520, 1530, 1530, 1530, 1530, 1540, 1540, 1540, 1550, 1550, 1560, 1560, 1570, 1570, 1580, 1580, 1590, 1590, 1600, 1600, 1610, 1620, 1620, 1630, 1640, 1640, 1650, 1660, 1660, 1670, 1680, 1680, 1690, 1700, 1710, 1710, 1720, 1730, 1740, 1740, 1750, 1760, 1770, 1770, 1780, 1790, 1800, 1800, 1810, 1820, 1830, 1840, 1850, 1860, 1870, 1880, 1900, 1910, 1920, 1940, 1950, 1970, 1990, 2010, 2030, 2050, 2080, 2110, 2140, 2170, 2210, 2250, 2300, 2350, 2410, 2491, 2600, 2760, 3020, 3550, 10599936, 17306105]
write_lats: vec100: [4500, 5010, 5160, 5280, 5390, 5490, 5590, 5680, 5770, 5850, 5930, 6000, 6070, 6140, 6200, 6260, 6310, 6361, 6420, 6461, 6511, 6560, 6610, 6651, 6700, 6750, 6790, 6840, 6880, 6920, 6970, 7010, 7050, 7090, 7130, 7170, 7210, 7250, 7290, 7330, 7361, 7400, 7440, 7480, 7510, 7550, 7590, 7621, 7660, 7700, 7740, 7780, 7811, 7850, 7890, 7930, 7970, 8011, 8060, 8100, 8140, 8181, 8230, 8270, 8320, 8360, 8400, 8450, 8490, 8530, 8571, 8620, 8660, 8701, 8750, 8790, 8840, 8881, 8930, 8980, 9040, 9090, 9150, 9220, 9290, 9380, 9471, 9590, 9730, 9881, 10070, 10290, 10590, 11120, 12340, 14850, 16681, 18591, 23840, 35351, 167484, 7143560]
                 avg          P99       P99.99         P100
Read         2.25μs      3.55μs      9.68μs      17.31ms
Write         8.78μs     35.48μs    158.75μs       7.14ms

=== bench_out43.dat ===
Monster: conflicts=170311, sync_failures=2105199, empty_requests=0, try_overtime=726093, check_overtime=538768, replicate_overtime=840338
Ops: 2010000  Time: 11.24s  Throughput: 178882.33 ops/sec
Dirty reads: 97 / 1004413 (0.010%)
  Dirty read avg latency: 3.55ms
read_lats: vec100: [1050, 1490, 1490, 1500, 1500, 1500, 1500, 1500, 1501, 1510, 1510, 1510, 1510, 1510, 1510, 1510, 1520, 1520, 1520, 1520, 1520, 1521, 1530, 1530, 1530, 1531, 1540, 1540, 1550, 1550, 1550, 1560, 1560, 1570, 1570, 1580, 1581, 1590, 1600, 1600, 1610, 1620, 1620, 1630, 1631, 1640, 1650, 1651, 1660, 1670, 1680, 1680, 1690, 1700, 1700, 1710, 1720, 1730, 1730, 1740, 1750, 1760, 1760, 1770, 1780, 1790, 1790, 1800, 1810, 1820, 1830, 1840, 1850, 1860, 1870, 1880, 1890, 1910, 1920, 1931, 1950, 1970, 1990, 2010, 2030, 2050, 2071, 2100, 2130, 2161, 2200, 2240, 2290, 2340, 2410, 2490, 2591, 2750, 3030, 3570, 10924325, 15999252]
write_lats: vec100: [4451, 5010, 5160, 5280, 5390, 5500, 5591, 5690, 5770, 5860, 5930, 6010, 6080, 6140, 6201, 6260, 6320, 6370, 6420, 6470, 6520, 6570, 6620, 6660, 6710, 6751, 6800, 6841, 6890, 6930, 6970, 7011, 7060, 7100, 7140, 7180, 7220, 7251, 7290, 7330, 7370, 7410, 7441, 7480, 7520, 7560, 7591, 7630, 7670, 7710, 7741, 7780, 7820, 7860, 7900, 7940, 7980, 8020, 8060, 8100, 8141, 8190, 8230, 8271, 8320, 8360, 8401, 8450, 8490, 8531, 8580, 8620, 8660, 8701, 8750, 8790, 8840, 8881, 8931, 8981, 9040, 9091, 9160, 9221, 9300, 9381, 9481, 9600, 9740, 9901, 10091, 10330, 10650, 11260, 12821, 15170, 16900, 18850, 24531, 36211, 167354, 7227482]
                 avg          P99       P99.99         P100
Read         2.14μs      3.57μs      9.28μs      16.00ms
Write         8.83μs     36.35μs    159.95μs       7.23ms

=== bench_out44.dat ===
Monster: conflicts=181952, sync_failures=2022497, empty_requests=0, try_overtime=698086, check_overtime=497104, replicate_overtime=827307
Ops: 2010000  Time: 11.23s  Throughput: 178998.01 ops/sec
Dirty reads: 113 / 1006615 (0.011%)
  Dirty read avg latency: 3.48ms
read_lats: vec100: [1050, 1480, 1490, 1490, 1490, 1490, 1500, 1500, 1500, 1500, 1500, 1500, 1501, 1510, 1510, 1510, 1510, 1510, 1520, 1520, 1520, 1520, 1520, 1530, 1530, 1530, 1540, 1540, 1550, 1550, 1560, 1560, 1570, 1570, 1580, 1580, 1590, 1590, 1600, 1600, 1610, 1620, 1620, 1630, 1640, 1640, 1650, 1650, 1660, 1670, 1670, 1680, 1690, 1690, 1700, 1710, 1710, 1720, 1730, 1740, 1740, 1750, 1760, 1770, 1770, 1780, 1790, 1800, 1810, 1810, 1820, 1830, 1840, 1850, 1860, 1870, 1890, 1900, 1910, 1930, 1940, 1960, 1980, 1990, 2011, 2040, 2060, 2090, 2111, 2150, 2180, 2220, 2270, 2320, 2390, 2470, 2570, 2730, 3000, 3530, 10507814, 16242778]
write_lats: vec100: [4420, 4981, 5120, 5230, 5330, 5420, 5510, 5590, 5670, 5750, 5820, 5890, 5960, 6020, 6080, 6131, 6190, 6240, 6290, 6340, 6390, 6431, 6480, 6520, 6570, 6610, 6650, 6691, 6740, 6780, 6820, 6860, 6900, 6941, 6980, 7020, 7060, 7100, 7140, 7180, 7211, 7250, 7290, 7321, 7360, 7400, 7431, 7470, 7510, 7541, 7580, 7620, 7660, 7691, 7730, 7770, 7810, 7850, 7890, 7930, 7971, 8020, 8060, 8110, 8150, 8200, 8250, 8291, 8340, 8390, 8440, 8481, 8531, 8580, 8630, 8680, 8730, 8780, 8830, 8880, 8931, 8990, 9051, 9120, 9190, 9280, 9370, 9481, 9620, 9800, 10000, 10261, 10620, 11370, 13390, 15430, 17051, 19201, 25661, 38371, 177335, 7674653]
                 avg          P99       P99.99         P100
Read         2.20μs      3.53μs      9.42μs      16.24ms
Write         8.78μs     38.56μs    169.85μs       7.67ms

=== bench_out45.dat ===
Monster: conflicts=182049, sync_failures=2110342, empty_requests=0, try_overtime=722346, check_overtime=548461, replicate_overtime=839535
Ops: 2010000  Time: 11.31s  Throughput: 177667.17 ops/sec
Dirty reads: 100 / 1004729 (0.010%)
  Dirty read avg latency: 3.68ms
read_lats: vec100: [1050, 1480, 1490, 1490, 1490, 1490, 1500, 1500, 1500, 1500, 1500, 1500, 1500, 1510, 1510, 1510, 1510, 1510, 1510, 1520, 1520, 1520, 1520, 1530, 1530, 1530, 1540, 1540, 1550, 1550, 1550, 1560, 1560, 1570, 1571, 1580, 1590, 1590, 1600, 1600, 1610, 1620, 1620, 1630, 1630, 1640, 1650, 1650, 1660, 1670, 1670, 1680, 1681, 1690, 1700, 1710, 1710, 1720, 1730, 1730, 1740, 1750, 1760, 1760, 1770, 1780, 1790, 1800, 1800, 1810, 1820, 1830, 1840, 1850, 1860, 1870, 1880, 1900, 1910, 1920, 1940, 1960, 1970, 1990, 2010, 2030, 2060, 2080, 2110, 2141, 2180, 2220, 2261, 2320, 2380, 2460, 2570, 2720, 3000, 3520, 6220787, 16022333]
write_lats: vec100: [4440, 4991, 5140, 5260, 5370, 5470, 5561, 5660, 5740, 5830, 5900, 5980, 6050, 6110, 6171, 6230, 6290, 6341, 6400, 6441, 6491, 6540, 6590, 6640, 6680, 6730, 6771, 6820, 6860, 6910, 6950, 6990, 7040, 7080, 7120, 7160, 7200, 7240, 7280, 7311, 7351, 7390, 7430, 7470, 7510, 7541, 7580, 7620, 7660, 7700, 7731, 7770, 7810, 7850, 7890, 7930, 7970, 8010, 8051, 8100, 8140, 8180, 8230, 8270, 8311, 8360, 8400, 8450, 8490, 8530, 8580, 8620, 8660, 8701, 8750, 8790, 8840, 8890, 8931, 8990, 9040, 9100, 9160, 9230, 9301, 9390, 9490, 9610, 9751, 9920, 10120, 10370, 10740, 11500, 13590, 15660, 17270, 19321, 25661, 37981, 177124, 7314264]
                 avg          P99       P99.99         P100
Read         2.17μs      3.52μs      9.36μs      16.02ms
Write         8.87μs     38.13μs    162.16μs       7.31ms

=== bench_out46.dat ===
Monster: conflicts=186627, sync_failures=2107778, empty_requests=0, try_overtime=723382, check_overtime=548541, replicate_overtime=835855
Ops: 2010000  Time: 11.41s  Throughput: 176202.91 ops/sec
Dirty reads: 110 / 1004594 (0.011%)
  Dirty read avg latency: 3.85ms
read_lats: vec100: [1050, 1480, 1490, 1490, 1490, 1500, 1500, 1500, 1500, 1500, 1500, 1500, 1510, 1510, 1510, 1510, 1510, 1510, 1520, 1520, 1520, 1520, 1521, 1530, 1530, 1530, 1540, 1540, 1550, 1550, 1560, 1560, 1561, 1570, 1580, 1580, 1590, 1590, 1600, 1600, 1610, 1620, 1620, 1630, 1630, 1640, 1650, 1650, 1660, 1670, 1670, 1680, 1690, 1690, 1700, 1710, 1710, 1720, 1730, 1731, 1740, 1750, 1760, 1760, 1770, 1780, 1790, 1800, 1800, 1810, 1820, 1830, 1840, 1850, 1860, 1870, 1880, 1900, 1910, 1920, 1940, 1960, 1970, 1990, 2010, 2030, 2060, 2080, 2110, 2140, 2180, 2220, 2261, 2320, 2380, 2460, 2570, 2720, 2990, 3520, 10021, 15896819]
write_lats: vec100: [4410, 4981, 5130, 5250, 5360, 5460, 5560, 5650, 5740, 5820, 5900, 5970, 6040, 6110, 6170, 6230, 6281, 6340, 6390, 6440, 6490, 6540, 6590, 6630, 6680, 6721, 6770, 6820, 6860, 6901, 6950, 6990, 7031, 7080, 7120, 7160, 7200, 7240, 7280, 7320, 7351, 7390, 7430, 7470, 7510, 7541, 7580, 7620, 7660, 7691, 7731, 7770, 7810, 7850, 7890, 7930, 7970, 8010, 8051, 8100, 8140, 8180, 8230, 8270, 8320, 8360, 8401, 8450, 8490, 8531, 8580, 8620, 8661, 8710, 8750, 8800, 8841, 8890, 8940, 8990, 9041, 9100, 9161, 9231, 9310, 9400, 9500, 9630, 9771, 9950, 10151, 10410, 10810, 11650, 13870, 15790, 17380, 19530, 26180, 38841, 6353970, 7315404]
                 avg          P99       P99.99         P100
Read         2.23μs      3.53μs      9.64μs      15.90ms
Write         8.90μs     38.85μs    155.18μs       7.32ms

=== bench_out47.dat ===
Monster: conflicts=197404, sync_failures=2067715, empty_requests=0, try_overtime=712541, check_overtime=527076, replicate_overtime=828098
Ops: 2010000  Time: 11.38s  Throughput: 176570.09 ops/sec
Dirty reads: 105 / 1005851 (0.010%)
  Dirty read avg latency: 3.93ms
read_lats: vec100: [1040, 1480, 1490, 1490, 1490, 1500, 1500, 1500, 1500, 1500, 1500, 1501, 1510, 1510, 1510, 1510, 1510, 1510, 1520, 1520, 1520, 1520, 1530, 1530, 1530, 1531, 1540, 1540, 1550, 1550, 1560, 1560, 1570, 1570, 1580, 1580, 1590, 1590, 1600, 1601, 1610, 1620, 1620, 1630, 1640, 1640, 1650, 1650, 1660, 1670, 1670, 1680, 1690, 1690, 1700, 1710, 1710, 1720, 1730, 1740, 1740, 1750, 1760, 1770, 1770, 1780, 1790, 1800, 1810, 1810, 1820, 1830, 1840, 1850, 1860, 1870, 1890, 1900, 1910, 1930, 1940, 1960, 1970, 1990, 2010, 2031, 2060, 2080, 2110, 2140, 2180, 2220, 2270, 2320, 2380, 2460, 2570, 2720, 2990, 3501, 73822, 25639685]
write_lats: vec100: [4460, 4970, 5110, 5220, 5320, 5420, 5510, 5600, 5680, 5760, 5830, 5901, 5970, 6040, 6100, 6160, 6210, 6270, 6320, 6370, 6420, 6470, 6511, 6560, 6610, 6650, 6700, 6740, 6781, 6830, 6870, 6920, 6960, 7000, 7040, 7080, 7120, 7160, 7200, 7240, 7280, 7311, 7350, 7390, 7430, 7470, 7500, 7540, 7580, 7620, 7660, 7691, 7730, 7770, 7810, 7850, 7891, 7940, 7980, 8020, 8060, 8110, 8150, 8200, 8240, 8290, 8331, 8380, 8430, 8470, 8520, 8561, 8610, 8651, 8700, 8750, 8800, 8841, 8900, 8950, 9001, 9061, 9130, 9200, 9280, 9370, 9471, 9600, 9760, 9940, 10160, 10441, 10920, 12021, 14320, 15991, 17540, 19850, 26811, 39801, 200785, 7379695]
                 avg          P99       P99.99         P100
Read         2.22μs      3.51μs      9.62μs      25.64ms
Write         8.90μs     39.90μs    168.99μs       7.38ms

=== bench_out48.dat ===
Monster: conflicts=202358, sync_failures=2086907, empty_requests=0, try_overtime=705913, check_overtime=561073, replicate_overtime=819921
Ops: 2010000  Time: 11.55s  Throughput: 173984.04 ops/sec
Dirty reads: 110 / 1004250 (0.011%)
  Dirty read avg latency: 4.61ms
read_lats: vec100: [1060, 1480, 1490, 1490, 1500, 1500, 1500, 1500, 1500, 1500, 1510, 1510, 1510, 1510, 1510, 1510, 1511, 1520, 1520, 1520, 1520, 1530, 1530, 1530, 1530, 1540, 1540, 1541, 1550, 1550, 1560, 1560, 1570, 1570, 1580, 1580, 1590, 1600, 1600, 1610, 1610, 1620, 1630, 1630, 1640, 1640, 1650, 1660, 1660, 1670, 1680, 1680, 1690, 1700, 1700, 1710, 1720, 1721, 1730, 1740, 1750, 1750, 1760, 1770, 1780, 1781, 1790, 1800, 1810, 1820, 1830, 1840, 1850, 1860, 1870, 1880, 1890, 1900, 1920, 1930, 1950, 1960, 1980, 2000, 2020, 2040, 2070, 2090, 2120, 2151, 2190, 2230, 2280, 2330, 2400, 2470, 2580, 2730, 2991, 3520, 4978975, 15903380]
write_lats: vec100: [4340, 4951, 5100, 5210, 5311, 5411, 5510, 5600, 5690, 5770, 5850, 5920, 5990, 6060, 6120, 6180, 6240, 6291, 6350, 6400, 6450, 6500, 6540, 6590, 6640, 6680, 6730, 6770, 6820, 6860, 6901, 6950, 6990, 7030, 7071, 7111, 7151, 7191, 7231, 7270, 7310, 7350, 7390, 7430, 7460, 7500, 7540, 7580, 7620, 7651, 7690, 7730, 7770, 7810, 7850, 7890, 7930, 7970, 8011, 8060, 8100, 8141, 8190, 8231, 8280, 8320, 8370, 8410, 8460, 8500, 8541, 8590, 8630, 8680, 8720, 8770, 8811, 8861, 8910, 8961, 9020, 9080, 9140, 9210, 9290, 9380, 9490, 9611, 9770, 9951, 10171, 10460, 10980, 12280, 14511, 16100, 17601, 20060, 26990, 40981, 201545, 7042927]
                 avg          P99       P99.99         P100
Read         2.32μs      3.52μs      9.79μs      15.90ms
Write         8.96μs     41.10μs    172.47μs       7.04ms

=== bench_out49.dat ===
Monster: conflicts=208155, sync_failures=2091590, empty_requests=0, try_overtime=707744, check_overtime=565782, replicate_overtime=818064
Ops: 2010000  Time: 11.54s  Throughput: 174242.23 ops/sec
Dirty reads: 108 / 1004762 (0.011%)
  Dirty read avg latency: 4.28ms
read_lats: vec100: [1010, 1480, 1490, 1490, 1491, 1500, 1500, 1500, 1500, 1500, 1501, 1510, 1510, 1510, 1510, 1510, 1510, 1520, 1520, 1520, 1520, 1520, 1530, 1530, 1530, 1540, 1540, 1540, 1550, 1550, 1560, 1560, 1570, 1570, 1580, 1580, 1590, 1591, 1600, 1610, 1610, 1620, 1630, 1630, 1640, 1640, 1650, 1660, 1660, 1670, 1680, 1680, 1690, 1700, 1700, 1710, 1720, 1720, 1730, 1740, 1750, 1750, 1760, 1770, 1780, 1780, 1790, 1800, 1810, 1820, 1830, 1840, 1850, 1860, 1870, 1880, 1890, 1900, 1920, 1930, 1950, 1960, 1980, 2000, 2020, 2040, 2070, 2090, 2120, 2150, 2190, 2230, 2280, 2330, 2390, 2470, 2580, 2730, 3000, 3521, 15740, 15736765]
write_lats: vec100: [4400, 4960, 5101, 5220, 5320, 5420, 5520, 5610, 5700, 5780, 5851, 5930, 6000, 6061, 6130, 6190, 6241, 6300, 6350, 6400, 6450, 6500, 6550, 6591, 6640, 6690, 6730, 6780, 6821, 6870, 6910, 6960, 7000, 7040, 7080, 7120, 7160, 7200, 7240, 7280, 7320, 7360, 7400, 7431, 7470, 7510, 7550, 7590, 7630, 7661, 7700, 7740, 7780, 7820, 7860, 7900, 7940, 7980, 8021, 8070, 8110, 8151, 8200, 8241, 8290, 8331, 8380, 8421, 8470, 8510, 8560, 8600, 8641, 8690, 8731, 8780, 8830, 8880, 8930, 8980, 9040, 9091, 9160, 9230, 9310, 9401, 9511, 9650, 9811, 10010, 10240, 10560, 11190, 12810, 14851, 16340, 17840, 20460, 27450, 41431, 215665, 7348184]
                 avg          P99       P99.99         P100
Read         2.26μs      3.53μs      9.54μs      15.74ms
Write         9.00μs     41.50μs    165.59μs       7.35ms

=== bench_out4.dat ===
Monster: conflicts=10443, sync_failures=1905634, empty_requests=0, try_overtime=634280, check_overtime=369326, replicate_overtime=902028
Ops: 2010000  Time: 10.04s  Throughput: 200272.09 ops/sec
Dirty reads: 96 / 1005070 (0.010%)
  Dirty read avg latency: 3.47ms
read_lats: vec100: [1060, 1480, 1480, 1490, 1490, 1490, 1490, 1490, 1500, 1500, 1500, 1500, 1500, 1500, 1510, 1510, 1510, 1510, 1510, 1510, 1520, 1520, 1520, 1521, 1530, 1530, 1531, 1540, 1540, 1550, 1550, 1560, 1560, 1570, 1570, 1580, 1580, 1590, 1600, 1600, 1610, 1620, 1620, 1630, 1630, 1640, 1650, 1651, 1660, 1670, 1680, 1680, 1690, 1700, 1700, 1710, 1720, 1730, 1730, 1740, 1750, 1760, 1760, 1770, 1780, 1790, 1790, 1800, 1810, 1820, 1830, 1840, 1850, 1860, 1870, 1880, 1900, 1910, 1920, 1940, 1960, 1970, 1990, 2010, 2030, 2050, 2080, 2110, 2140, 2170, 2210, 2250, 2300, 2350, 2420, 2500, 2610, 2780, 3050, 3591, 11160, 21393178]
write_lats: vec100: [4500, 5041, 5180, 5281, 5380, 5470, 5550, 5630, 5700, 5770, 5840, 5910, 5970, 6030, 6090, 6140, 6190, 6240, 6281, 6330, 6370, 6411, 6451, 6491, 6531, 6571, 6610, 6650, 6690, 6730, 6760, 6800, 6840, 6871, 6910, 6950, 6980, 7020, 7050, 7090, 7120, 7151, 7190, 7220, 7251, 7290, 7320, 7350, 7381, 7420, 7450, 7480, 7511, 7550, 7580, 7611, 7650, 7680, 7720, 7750, 7790, 7830, 7860, 7900, 7940, 7980, 8021, 8070, 8110, 8151, 8200, 8250, 8290, 8340, 8390, 8431, 8481, 8530, 8580, 8630, 8680, 8730, 8780, 8831, 8890, 8941, 9000, 9070, 9130, 9210, 9290, 9380, 9490, 9620, 9781, 9971, 10210, 10521, 11050, 12260, 170584, 6487203]
                 avg          P99       P99.99         P100
Read         2.14μs      3.60μs      9.41μs      21.39ms
Write         7.68μs     12.27μs     75.85μs       6.49ms

=== bench_out50.dat ===
Monster: conflicts=214182, sync_failures=2100618, empty_requests=0, try_overtime=714651, check_overtime=569598, replicate_overtime=816369
Ops: 2010000  Time: 11.49s  Throughput: 174979.13 ops/sec
Dirty reads: 98 / 1004633 (0.010%)
  Dirty read avg latency: 3.55ms
read_lats: vec100: [1070, 1480, 1490, 1490, 1500, 1500, 1500, 1500, 1500, 1510, 1510, 1510, 1510, 1510, 1510, 1510, 1520, 1520, 1520, 1520, 1520, 1530, 1530, 1530, 1530, 1540, 1540, 1550, 1550, 1550, 1560, 1560, 1570, 1570, 1580, 1581, 1590, 1600, 1600, 1610, 1610, 1620, 1630, 1630, 1640, 1641, 1650, 1660, 1660, 1670, 1680, 1680, 1690, 1700, 1700, 1710, 1720, 1730, 1730, 1740, 1750, 1750, 1760, 1770, 1780, 1780, 1790, 1800, 1810, 1820, 1830, 1840, 1850, 1860, 1870, 1880, 1890, 1900, 1920, 1930, 1950, 1960, 1980, 2000, 2020, 2040, 2070, 2090, 2120, 2150, 2190, 2230, 2271, 2330, 2390, 2470, 2570, 2730, 2990, 3520, 5047087, 16415422]
write_lats: vec100: [4390, 4970, 5110, 5230, 5330, 5430, 5530, 5620, 5710, 5790, 5861, 5940, 6010, 6071, 6140, 6200, 6260, 6310, 6370, 6420, 6461, 6511, 6560, 6610, 6660, 6700, 6750, 6790, 6840, 6880, 6930, 6970, 7010, 7051, 7100, 7140, 7180, 7220, 7260, 7291, 7331, 7370, 7410, 7450, 7490, 7521, 7560, 7600, 7640, 7680, 7720, 7751, 7791, 7831, 7871, 7911, 7960, 8000, 8040, 8081, 8130, 8170, 8211, 8260, 8301, 8350, 8391, 8440, 8480, 8530, 8570, 8611, 8660, 8701, 8750, 8800, 8841, 8890, 8941, 9000, 9050, 9110, 9180, 9250, 9340, 9430, 9550, 9690, 9860, 10060, 10310, 10671, 11431, 13300, 15160, 16600, 18090, 21110, 28061, 42391, 180975, 7357015]
                 avg          P99       P99.99         P100
Read         2.16μs      3.52μs      9.13μs      16.42ms
Write         9.04μs     42.54μs    168.42μs       7.36ms

=== bench_out51.dat ===
Monster: conflicts=216008, sync_failures=2149723, empty_requests=0, try_overtime=728124, check_overtime=600393, replicate_overtime=821206
Ops: 2010000  Time: 11.60s  Throughput: 173248.31 ops/sec
Dirty reads: 104 / 1004420 (0.010%)
  Dirty read avg latency: 3.89ms
read_lats: vec100: [1040, 1480, 1490, 1490, 1500, 1500, 1500, 1500, 1500, 1510, 1510, 1510, 1510, 1510, 1510, 1510, 1520, 1520, 1520, 1520, 1520, 1530, 1530, 1530, 1530, 1540, 1540, 1541, 1550, 1550, 1560, 1560, 1570, 1570, 1580, 1580, 1590, 1600, 1600, 1610, 1610, 1620, 1630, 1630, 1640, 1650, 1650, 1660, 1660, 1670, 1680, 1680, 1690, 1700, 1701, 1710, 1720, 1730, 1730, 1740, 1750, 1760, 1760, 1770, 1780, 1790, 1790, 1800, 1810, 1820, 1830, 1840, 1850, 1860, 1870, 1880, 1890, 1901, 1920, 1930, 1950, 1970, 1980, 2000, 2020, 2050, 2070, 2100, 2130, 2160, 2190, 2230, 2280, 2330, 2400, 2480, 2580, 2730, 3000, 3520, 9289733, 16551566]
write_lats: vec100: [4390, 4970, 5120, 5250, 5360, 5470, 5570, 5661, 5760, 5840, 5920, 6000, 6070, 6140, 6200, 6260, 6320, 6380, 6430, 6480, 6530, 6581, 6630, 6680, 6730, 6780, 6820, 6870, 6920, 6960, 7010, 7050, 7090, 7140, 7180, 7220, 7260, 7300, 7340, 7380, 7420, 7460, 7500, 7540, 7571, 7610, 7650, 7690, 7730, 7770, 7810, 7850, 7890, 7930, 7970, 8010, 8050, 8090, 8130, 8171, 8220, 8260, 8301, 8350, 8390, 8430, 8471, 8520, 8560, 8600, 8640, 8681, 8730, 8770, 8810, 8860, 8901, 8950, 9000, 9060, 9111, 9180, 9241, 9320, 9410, 9510, 9640, 9780, 9950, 10150, 10400, 10780, 11580, 13580, 15361, 16721, 18200, 21271, 28071, 42041, 172565, 7045877]
                 avg          P99       P99.99         P100
Read         2.20μs      3.52μs      9.36μs      16.55ms
Write         9.12μs     42.19μs    164.04μs       7.05ms

=== bench_out52.dat ===
Monster: conflicts=228751, sync_failures=2042077, empty_requests=0, try_overtime=691089, check_overtime=567319, replicate_overtime=783669
Ops: 2010000  Time: 11.42s  Throughput: 176066.22 ops/sec
Dirty reads: 115 / 1004150 (0.011%)
  Dirty read avg latency: 2.71ms
read_lats: vec100: [1030, 1470, 1480, 1480, 1490, 1490, 1490, 1490, 1490, 1490, 1491, 1500, 1500, 1500, 1500, 1500, 1500, 1500, 1510, 1510, 1510, 1510, 1510, 1511, 1520, 1520, 1520, 1521, 1530, 1530, 1540, 1540, 1540, 1550, 1550, 1560, 1560, 1570, 1571, 1580, 1590, 1590, 1600, 1601, 1610, 1620, 1620, 1630, 1640, 1640, 1650, 1660, 1660, 1670, 1680, 1690, 1690, 1700, 1710, 1710, 1720, 1730, 1740, 1740, 1750, 1760, 1770, 1780, 1780, 1790, 1800, 1810, 1820, 1830, 1840, 1850, 1860, 1870, 1890, 1900, 1920, 1930, 1950, 1970, 1990, 2010, 2030, 2060, 2090, 2120, 2160, 2200, 2240, 2300, 2360, 2440, 2540, 2700, 2970, 3500, 23231, 14665529]
write_lats: vec100: [4330, 4900, 5031, 5130, 5220, 5320, 5401, 5490, 5580, 5660, 5740, 5810, 5880, 5950, 6010, 6080, 6130, 6190, 6240, 6291, 6341, 6390, 6440, 6490, 6530, 6580, 6621, 6670, 6720, 6760, 6810, 6850, 6900, 6940, 6990, 7030, 7070, 7111, 7160, 7200, 7240, 7280, 7320, 7360, 7400, 7440, 7480, 7520, 7560, 7591, 7631, 7671, 7710, 7750, 7791, 7831, 7880, 7920, 7960, 8010, 8050, 8091, 8140, 8181, 8230, 8280, 8321, 8370, 8420, 8460, 8510, 8551, 8600, 8650, 8700, 8741, 8791, 8841, 8900, 8950, 9010, 9080, 9141, 9220, 9310, 9410, 9531, 9690, 9870, 10100, 10380, 10850, 11961, 13990, 15510, 16831, 18420, 22330, 29231, 44132, 215106, 7464237]
                 avg          P99       P99.99         P100
Read         2.09μs      3.50μs      9.45μs      14.67ms
Write         9.09μs     44.21μs    176.91μs       7.46ms

=== bench_out53.dat ===
Monster: conflicts=228849, sync_failures=2075547, empty_requests=0, try_overtime=697240, check_overtime=588042, replicate_overtime=790265
Ops: 2010000  Time: 11.51s  Throughput: 174587.10 ops/sec
Dirty reads: 96 / 1005663 (0.010%)
  Dirty read avg latency: 3.92ms
read_lats: vec100: [1050, 1470, 1480, 1480, 1490, 1490, 1490, 1490, 1490, 1490, 1490, 1500, 1500, 1500, 1500, 1500, 1500, 1500, 1510, 1510, 1510, 1510, 1510, 1510, 1520, 1520, 1520, 1520, 1530, 1530, 1531, 1540, 1540, 1550, 1550, 1560, 1560, 1570, 1570, 1580, 1581, 1590, 1600, 1600, 1610, 1620, 1620, 1630, 1640, 1640, 1650, 1660, 1660, 1670, 1680, 1680, 1690, 1700, 1710, 1710, 1720, 1730, 1731, 1740, 1750, 1760, 1770, 1770, 1780, 1790, 1800, 1810, 1820, 1830, 1840, 1850, 1860, 1870, 1880, 1900, 1910, 1930, 1950, 1960, 1980, 2010, 2030, 2060, 2080, 2120, 2150, 2190, 2240, 2290, 2350, 2430, 2540, 2690, 2950, 3460, 11611, 16024373]
write_lats: vec100: [4340, 4900, 5030, 5130, 5220, 5310, 5400, 5490, 5580, 5661, 5750, 5820, 5891, 5961, 6030, 6100, 6160, 6210, 6270, 6320, 6370, 6420, 6470, 6520, 6570, 6611, 6660, 6710, 6760, 6810, 6850, 6900, 6941, 6990, 7040, 7080, 7120, 7170, 7210, 7250, 7290, 7331, 7371, 7411, 7451, 7491, 7531, 7571, 7611, 7651, 7691, 7731, 7771, 7820, 7860, 7900, 7940, 7981, 8030, 8070, 8111, 8160, 8201, 8250, 8291, 8340, 8390, 8430, 8480, 8520, 8561, 8610, 8651, 8700, 8750, 8791, 8840, 8890, 8941, 9000, 9060, 9120, 9190, 9270, 9360, 9470, 9591, 9750, 9931, 10160, 10441, 10950, 12130, 14141, 15621, 16911, 18460, 22271, 29151, 43631, 267246, 6144744]
                 avg          P99       P99.99         P100
Read         2.14μs      3.47μs      9.27μs      16.02ms
Write         9.13μs     43.71μs    181.17μs       6.14ms

=== bench_out54.dat ===
Monster: conflicts=234586, sync_failures=2039259, empty_requests=0, try_overtime=686422, check_overtime=576353, replicate_overtime=776484
Ops: 2010000  Time: 11.54s  Throughput: 174104.64 ops/sec
Dirty reads: 110 / 1004801 (0.011%)
  Dirty read avg latency: 3.84ms
read_lats: vec100: [1030, 1470, 1480, 1481, 1490, 1490, 1490, 1490, 1490, 1500, 1500, 1500, 1500, 1500, 1500, 1500, 1500, 1510, 1510, 1510, 1510, 1510, 1510, 1520, 1520, 1520, 1520, 1530, 1530, 1530, 1540, 1540, 1540, 1550, 1550, 1560, 1560, 1570, 1570, 1580, 1590, 1590, 1600, 1600, 1610, 1620, 1620, 1630, 1640, 1640, 1650, 1660, 1660, 1670, 1680, 1680, 1690, 1700, 1710, 1710, 1720, 1730, 1731, 1740, 1750, 1760, 1770, 1770, 1780, 1790, 1800, 1810, 1820, 1830, 1840, 1850, 1860, 1870, 1880, 1900, 1910, 1930, 1950, 1960, 1980, 2010, 2030, 2051, 2080, 2111, 2150, 2190, 2240, 2290, 2350, 2430, 2530, 2680, 2940, 3460, 15927800, 15927800]
write_lats: vec100: [4300, 4880, 5010, 5100, 5190, 5280, 5370, 5450, 5540, 5620, 5700, 5771, 5850, 5911, 5980, 6040, 6110, 6160, 6220, 6270, 6321, 6370, 6420, 6470, 6511, 6560, 6610, 6660, 6700, 6750, 6800, 6840, 6890, 6931, 6980, 7021, 7070, 7110, 7151, 7191, 7240, 7280, 7320, 7360, 7400, 7440, 7480, 7520, 7560, 7600, 7640, 7680, 7720, 7760, 7800, 7841, 7890, 7930, 7970, 8011, 8060, 8110, 8150, 8200, 8241, 8290, 8340, 8381, 8430, 8480, 8520, 8570, 8611, 8660, 8710, 8760, 8810, 8860, 8911, 8970, 9030, 9100, 9170, 9250, 9340, 9450, 9580, 9741, 9940, 10171, 10490, 11080, 12540, 14391, 15760, 17030, 18610, 22630, 29431, 43821, 184474, 7561750]
                 avg          P99       P99.99         P100
Read         2.20μs      3.46μs      9.48μs      15.93ms
Write         9.11μs     44.00μs    180.98μs       7.56ms

=== bench_out55.dat ===
Monster: conflicts=240057, sync_failures=2086507, empty_requests=0, try_overtime=702492, check_overtime=594592, replicate_overtime=789423
Ops: 2010000  Time: 11.58s  Throughput: 173590.32 ops/sec
Dirty reads: 104 / 1004646 (0.010%)
  Dirty read avg latency: 3.72ms
read_lats: vec100: [1050, 1470, 1480, 1481, 1490, 1490, 1490, 1490, 1490, 1500, 1500, 1500, 1500, 1500, 1500, 1500, 1500, 1510, 1510, 1510, 1510, 1510, 1510, 1520, 1520, 1520, 1520, 1521, 1530, 1530, 1531, 1540, 1540, 1550, 1550, 1560, 1560, 1570, 1570, 1580, 1590, 1590, 1600, 1600, 1610, 1620, 1620, 1630, 1640, 1640, 1650, 1660, 1660, 1670, 1680, 1680, 1690, 1700, 1710, 1710, 1720, 1730, 1740, 1740, 1750, 1760, 1770, 1771, 1780, 1790, 1800, 1810, 1820, 1830, 1840, 1850, 1860, 1870, 1881, 1900, 1910, 1930, 1950, 1970, 1990, 2010, 2030, 2060, 2090, 2120, 2150, 2190, 2240, 2290, 2360, 2440, 2540, 2690, 2950, 3470, 2038031, 22681830]
write_lats: vec100: [4270, 4880, 5020, 5120, 5210, 5300, 5390, 5480, 5570, 5660, 5740, 5811, 5890, 5960, 6021, 6090, 6150, 6210, 6261, 6320, 6370, 6420, 6470, 6520, 6570, 6620, 6661, 6710, 6760, 6810, 6860, 6900, 6950, 6991, 7040, 7090, 7130, 7170, 7211, 7260, 7300, 7340, 7380, 7421, 7461, 7501, 7541, 7590, 7621, 7670, 7710, 7750, 7790, 7830, 7870, 7910, 7951, 8000, 8040, 8090, 8130, 8180, 8220, 8270, 8311, 8360, 8410, 8450, 8500, 8540, 8590, 8630, 8680, 8720, 8770, 8811, 8861, 8911, 8970, 9021, 9090, 9150, 9230, 9310, 9401, 9520, 9660, 9830, 10020, 10261, 10611, 11320, 12980, 14720, 16011, 17251, 18840, 23230, 29870, 44601, 203645, 6105563]
                 avg          P99       P99.99         P100
Read         2.17μs      3.47μs      8.98μs      22.68ms
Write         9.18μs     44.70μs    171.07μs       6.11ms

=== bench_out56.dat ===
Monster: conflicts=250498, sync_failures=2093519, empty_requests=0, try_overtime=694694, check_overtime=624756, replicate_overtime=774069
Ops: 2010000  Time: 11.63s  Throughput: 172887.96 ops/sec
Dirty reads: 93 / 1005062 (0.009%)
  Dirty read avg latency: 3.61ms
read_lats: vec100: [1040, 1470, 1480, 1490, 1490, 1490, 1490, 1490, 1500, 1500, 1500, 1500, 1500, 1500, 1500, 1501, 1510, 1510, 1510, 1510, 1510, 1510, 1520, 1520, 1520, 1520, 1520, 1530, 1530, 1530, 1540, 1540, 1550, 1550, 1560, 1560, 1570, 1570, 1580, 1580, 1590, 1590, 1600, 1610, 1610, 1620, 1630, 1630, 1640, 1650, 1650, 1660, 1670, 1670, 1680, 1690, 1690, 1700, 1710, 1720, 1720, 1730, 1740, 1750, 1750, 1760, 1770, 1780, 1780, 1790, 1800, 1810, 1820, 1830, 1840, 1850, 1860, 1870, 1890, 1900, 1920, 1930, 1950, 1970, 1990, 2010, 2030, 2060, 2090, 2120, 2151, 2200, 2240, 2300, 2360, 2440, 2540, 2680, 2940, 3451, 11430, 15424307]
write_lats: vec100: [4340, 4880, 5020, 5120, 5210, 5310, 5401, 5500, 5591, 5681, 5770, 5850, 5921, 6000, 6061, 6130, 6190, 6250, 6310, 6360, 6410, 6460, 6510, 6560, 6610, 6660, 6710, 6751, 6800, 6850, 6900, 6950, 6990, 7040, 7080, 7130, 7170, 7211, 7260, 7300, 7340, 7380, 7420, 7460, 7500, 7540, 7581, 7621, 7660, 7700, 7740, 7780, 7820, 7860, 7901, 7950, 7990, 8030, 8071, 8120, 8160, 8201, 8250, 8291, 8340, 8380, 8430, 8470, 8511, 8560, 8600, 8641, 8690, 8731, 8780, 8830, 8880, 8930, 8980, 9040, 9100, 9170, 9250, 9331, 9430, 9560, 9710, 9881, 10100, 10370, 10800, 11740, 13590, 15070, 16240, 17450, 19171, 24001, 31050, 45751, 240396, 5641972]
                 avg          P99       P99.99         P100
Read         2.11μs      3.46μs      9.39μs      15.42ms
Write         9.28μs     45.83μs    178.54μs       5.64ms

=== bench_out57.dat ===
Monster: conflicts=257131, sync_failures=2105821, empty_requests=0, try_overtime=698077, check_overtime=631267, replicate_overtime=776477
Ops: 2010000  Time: 11.70s  Throughput: 171721.79 ops/sec
Dirty reads: 97 / 1003777 (0.010%)
  Dirty read avg latency: 3.55ms
read_lats: vec100: [1030, 1470, 1480, 1490, 1490, 1490, 1490, 1490, 1500, 1500, 1500, 1500, 1500, 1500, 1500, 1500, 1510, 1510, 1510, 1510, 1510, 1510, 1520, 1520, 1520, 1520, 1521, 1530, 1530, 1530, 1540, 1540, 1550, 1550, 1560, 1560, 1570, 1570, 1580, 1580, 1590, 1600, 1600, 1610, 1610, 1620, 1630, 1630, 1640, 1650, 1650, 1660, 1670, 1670, 1680, 1690, 1700, 1700, 1710, 1720, 1721, 1730, 1740, 1750, 1751, 1760, 1770, 1780, 1790, 1791, 1800, 1810, 1820, 1830, 1840, 1850, 1861, 1880, 1890, 1900, 1920, 1940, 1950, 1970, 1990, 2010, 2040, 2060, 2090, 2130, 2160, 2200, 2250, 2300, 2370, 2440, 2550, 2700, 2960, 3471, 10320, 24298691]
write_lats: vec100: [4310, 4881, 5020, 5120, 5220, 5311, 5410, 5510, 5600, 5690, 5771, 5850, 5930, 6000, 6070, 6140, 6200, 6260, 6310, 6370, 6420, 6470, 6520, 6570, 6620, 6661, 6710, 6760, 6810, 6860, 6910, 6960, 7000, 7050, 7090, 7140, 7180, 7220, 7270, 7310, 7350, 7390, 7431, 7471, 7520, 7560, 7600, 7640, 7680, 7720, 7760, 7800, 7840, 7880, 7920, 7960, 8000, 8050, 8090, 8131, 8180, 8220, 8270, 8310, 8351, 8400, 8440, 8490, 8530, 8570, 8620, 8660, 8701, 8750, 8800, 8841, 8891, 8950, 9000, 9060, 9121, 9191, 9270, 9360, 9470, 9600, 9760, 9940, 10170, 10460, 10970, 12140, 13930, 15270, 16400, 17581, 19350, 24331, 31431, 46411, 289118, 7552990]
                 avg          P99       P99.99         P100
Read         2.12μs      3.48μs      9.18μs      24.30ms
Write         9.32μs     46.46μs    177.13μs       7.55ms

=== bench_out58.dat ===
Monster: conflicts=258758, sync_failures=2078760, empty_requests=0, try_overtime=690790, check_overtime=624478, replicate_overtime=763492
Ops: 2010000  Time: 11.92s  Throughput: 168571.65 ops/sec
Dirty reads: 114 / 1005255 (0.011%)
  Dirty read avg latency: 5.04ms
read_lats: vec100: [1030, 1470, 1480, 1490, 1490, 1490, 1490, 1490, 1500, 1500, 1500, 1500, 1500, 1500, 1500, 1510, 1510, 1510, 1510, 1510, 1510, 1510, 1520, 1520, 1520, 1520, 1521, 1530, 1530, 1530, 1540, 1540, 1550, 1550, 1551, 1560, 1570, 1570, 1580, 1580, 1590, 1590, 1600, 1610, 1610, 1620, 1621, 1630, 1640, 1641, 1650, 1660, 1670, 1670, 1680, 1690, 1690, 1700, 1710, 1720, 1720, 1730, 1740, 1750, 1750, 1760, 1770, 1780, 1790, 1790, 1800, 1810, 1820, 1830, 1840, 1850, 1860, 1880, 1890, 1900, 1920, 1931, 1950, 1970, 1990, 2011, 2040, 2070, 2091, 2130, 2160, 2200, 2250, 2300, 2370, 2450, 2550, 2700, 2950, 3460, 3922008, 23376837]
write_lats: vec100: [4340, 4840, 4961, 5060, 5140, 5230, 5320, 5410, 5500, 5590, 5680, 5760, 5840, 5910, 5980, 6050, 6120, 6180, 6240, 6300, 6350, 6401, 6451, 6501, 6560, 6610, 6660, 6710, 6760, 6810, 6860, 6910, 6960, 7001, 7050, 7100, 7140, 7190, 7230, 7271, 7320, 7360, 7401, 7450, 7490, 7530, 7570, 7610, 7651, 7691, 7731, 7780, 7820, 7860, 7900, 7941, 7990, 8030, 8071, 8120, 8160, 8210, 8251, 8300, 8341, 8390, 8430, 8480, 8520, 8561, 8610, 8651, 8700, 8741, 8790, 8840, 8890, 8941, 9000, 9060, 9121, 9191, 9271, 9370, 9480, 9610, 9770, 9960, 10190, 10490, 11051, 12300, 14040, 15340, 16450, 17651, 19491, 24541, 31621, 46751, 226876, 7545089]
                 avg          P99       P99.99         P100
Read         2.36μs      3.46μs      9.71μs      23.38ms
Write         9.30μs     46.82μs    181.33μs       7.55ms

=== bench_out59.dat ===
Monster: conflicts=256981, sync_failures=2152810, empty_requests=0, try_overtime=702955, check_overtime=667320, replicate_overtime=782535
Ops: 2010000  Time: 11.92s  Throughput: 168604.19 ops/sec
Dirty reads: 104 / 1004522 (0.010%)
  Dirty read avg latency: 4.56ms
read_lats: vec100: [1030, 1470, 1480, 1490, 1490, 1490, 1490, 1490, 1500, 1500, 1500, 1500, 1500, 1500, 1500, 1501, 1510, 1510, 1510, 1510, 1510, 1510, 1520, 1520, 1520, 1520, 1520, 1530, 1530, 1530, 1540, 1540, 1541, 1550, 1550, 1560, 1560, 1570, 1580, 1580, 1590, 1590, 1600, 1601, 1610, 1620, 1620, 1630, 1640, 1640, 1650, 1660, 1661, 1670, 1680, 1690, 1690, 1700, 1710, 1720, 1720, 1730, 1740, 1750, 1750, 1760, 1770, 1780, 1781, 1790, 1800, 1810, 1820, 1830, 1840, 1850, 1860, 1880, 1890, 1900, 1920, 1940, 1950, 1970, 1990, 2010, 2040, 2070, 2091, 2130, 2160, 2200, 2250, 2301, 2370, 2450, 2550, 2700, 2960, 3470, 9389196, 18694390]
write_lats: vec100: [4300, 4850, 4980, 5090, 5170, 5270, 5361, 5460, 5560, 5660, 5750, 5830, 5910, 5990, 6060, 6130, 6200, 6260, 6321, 6380, 6440, 6490, 6550, 6600, 6650, 6701, 6760, 6810, 6860, 6910, 6960, 7010, 7060, 7110, 7160, 7200, 7250, 7290, 7331, 7380, 7420, 7460, 7501, 7550, 7590, 7630, 7670, 7710, 7750, 7790, 7831, 7871, 7920, 7960, 8000, 8041, 8090, 8130, 8170, 8220, 8260, 8301, 8350, 8390, 8431, 8480, 8520, 8560, 8601, 8650, 8690, 8730, 8771, 8820, 8870, 8911, 8970, 9020, 9080, 9140, 9201, 9280, 9361, 9461, 9581, 9730, 9890, 10090, 10321, 10670, 11360, 12930, 14580, 15800, 16871, 18050, 19901, 24851, 31731, 45622, 185945, 7565080]
                 avg          P99       P99.99         P100
Read         2.25μs      3.47μs      9.88μs      18.69ms
Write         9.40μs     45.78μs    168.78μs       7.57ms

=== bench_out5.dat ===
Monster: conflicts=12818, sync_failures=1922757, empty_requests=0, try_overtime=635580, check_overtime=370726, replicate_overtime=916451
Ops: 2010000  Time: 10.18s  Throughput: 197448.46 ops/sec
Dirty reads: 122 / 1005283 (0.012%)
  Dirty read avg latency: 3.66ms
read_lats: vec100: [1060, 1480, 1480, 1490, 1490, 1490, 1490, 1490, 1500, 1500, 1500, 1500, 1500, 1500, 1501, 1510, 1510, 1510, 1510, 1510, 1520, 1520, 1520, 1520, 1530, 1530, 1531, 1540, 1540, 1550, 1550, 1560, 1560, 1570, 1570, 1580, 1581, 1590, 1600, 1600, 1610, 1620, 1620, 1630, 1640, 1640, 1650, 1660, 1660, 1670, 1680, 1680, 1690, 1700, 1700, 1710, 1720, 1730, 1730, 1740, 1750, 1760, 1760, 1770, 1780, 1790, 1791, 1800, 1810, 1820, 1830, 1840, 1850, 1860, 1870, 1880, 1900, 1910, 1920, 1940, 1951, 1970, 1990, 2010, 2030, 2051, 2080, 2110, 2140, 2170, 2210, 2250, 2300, 2350, 2420, 2500, 2610, 2771, 3060, 3600, 10571, 16087634]
write_lats: vec100: [4520, 5060, 5190, 5300, 5390, 5480, 5570, 5640, 5720, 5790, 5860, 5930, 5990, 6050, 6101, 6160, 6210, 6251, 6300, 6341, 6390, 6430, 6470, 6510, 6550, 6590, 6630, 6661, 6701, 6740, 6780, 6820, 6851, 6890, 6930, 6961, 7000, 7031, 7070, 7101, 7140, 7170, 7201, 7240, 7270, 7300, 7331, 7370, 7400, 7430, 7460, 7491, 7530, 7560, 7590, 7621, 7660, 7690, 7730, 7760, 7800, 7831, 7870, 7910, 7950, 7990, 8030, 8071, 8120, 8160, 8210, 8250, 8300, 8350, 8400, 8441, 8491, 8540, 8590, 8640, 8690, 8740, 8790, 8840, 8891, 8950, 9010, 9071, 9140, 9220, 9300, 9390, 9501, 9640, 9810, 10000, 10251, 10571, 11121, 12580, 263987, 6610656]
                 avg          P99       P99.99         P100
Read         2.24μs      3.61μs      9.88μs      16.09ms
Write         7.72μs     12.58μs     76.16μs       6.61ms

=== bench_out60.dat ===
Monster: conflicts=288637, sync_failures=2007075, empty_requests=0, try_overtime=673897, check_overtime=597570, replicate_overtime=735608
Ops: 2010000  Time: 11.82s  Throughput: 170094.11 ops/sec
Dirty reads: 102 / 1004930 (0.010%)
  Dirty read avg latency: 4.22ms
read_lats: vec100: [1010, 1470, 1480, 1480, 1480, 1490, 1490, 1490, 1490, 1490, 1490, 1490, 1491, 1500, 1500, 1500, 1500, 1500, 1500, 1500, 1510, 1510, 1510, 1510, 1510, 1510, 1520, 1520, 1520, 1520, 1530, 1530, 1530, 1540, 1540, 1550, 1550, 1560, 1560, 1570, 1570, 1580, 1580, 1590, 1600, 1600, 1610, 1620, 1620, 1630, 1640, 1640, 1650, 1660, 1660, 1670, 1680, 1681, 1690, 1700, 1710, 1710, 1720, 1730, 1740, 1741, 1750, 1760, 1770, 1780, 1781, 1790, 1800, 1810, 1820, 1831, 1841, 1860, 1870, 1880, 1900, 1910, 1930, 1950, 1970, 1990, 2010, 2040, 2070, 2100, 2130, 2170, 2220, 2270, 2330, 2410, 2520, 2670, 2930, 3450, 7230752, 15434428]
write_lats: vec100: [4251, 4810, 4920, 5020, 5090, 5150, 5220, 5300, 5380, 5460, 5540, 5620, 5700, 5770, 5840, 5910, 5970, 6040, 6100, 6160, 6210, 6270, 6320, 6370, 6420, 6461, 6510, 6560, 6610, 6660, 6710, 6760, 6810, 6860, 6910, 6951, 7000, 7050, 7090, 7140, 7180, 7230, 7270, 7311, 7360, 7400, 7441, 7490, 7530, 7570, 7610, 7651, 7700, 7740, 7780, 7821, 7870, 7911, 7960, 8010, 8050, 8100, 8150, 8191, 8241, 8290, 8340, 8390, 8440, 8490, 8540, 8581, 8630, 8680, 8730, 8790, 8840, 8900, 8960, 9020, 9090, 9170, 9260, 9360, 9481, 9640, 9830, 10060, 10361, 10870, 11990, 13591, 14820, 15851, 16900, 18201, 20831, 26101, 34221, 50241, 220006, 4744549]
                 avg          P99       P99.99         P100
Read         2.21μs      3.45μs      9.56μs      15.43ms
Write         9.38μs     50.41μs    203.16μs       4.74ms

=== bench_out61.dat ===
Monster: conflicts=297901, sync_failures=2049416, empty_requests=0, try_overtime=685517, check_overtime=623145, replicate_overtime=740754
Ops: 2010000  Time: 11.82s  Throughput: 169995.73 ops/sec
Dirty reads: 100 / 1005398 (0.010%)
  Dirty read avg latency: 3.45ms
read_lats: vec100: [1080, 1470, 1480, 1480, 1480, 1490, 1490, 1490, 1490, 1490, 1490, 1490, 1491, 1500, 1500, 1500, 1500, 1500, 1500, 1500, 1501, 1510, 1510, 1510, 1510, 1510, 1520, 1520, 1520, 1520, 1530, 1530, 1530, 1540, 1540, 1550, 1550, 1560, 1560, 1570, 1570, 1580, 1580, 1590, 1600, 1600, 1610, 1620, 1620, 1630, 1640, 1640, 1650, 1660, 1660, 1670, 1680, 1690, 1690, 1700, 1710, 1710, 1720, 1730, 1740, 1741, 1750, 1760, 1770, 1780, 1790, 1790, 1800, 1810, 1821, 1840, 1850, 1860, 1870, 1880, 1900, 1910, 1930, 1950, 1970, 1990, 2010, 2040, 2070, 2100, 2130, 2170, 2220, 2270, 2330, 2410, 2510, 2660, 2920, 3430, 9220, 25638934]
write_lats: vec100: [4320, 4820, 4930, 5030, 5100, 5161, 5240, 5320, 5410, 5490, 5580, 5660, 5740, 5820, 5890, 5951, 6020, 6090, 6150, 6210, 6270, 6320, 6370, 6420, 6470, 6520, 6570, 6620, 6670, 6720, 6770, 6820, 6870, 6920, 6970, 7020, 7061, 7110, 7160, 7200, 7250, 7290, 7331, 7380, 7420, 7470, 7510, 7550, 7591, 7640, 7680, 7720, 7760, 7801, 7850, 7890, 7940, 7980, 8030, 8071, 8120, 8170, 8211, 8260, 8310, 8360, 8401, 8450, 8500, 8541, 8590, 8640, 8690, 8740, 8790, 8840, 8890, 8950, 9010, 9080, 9150, 9230, 9330, 9440, 9580, 9751, 9950, 10210, 10570, 11291, 12700, 14130, 15200, 16161, 17180, 18541, 21611, 26571, 34781, 50531, 4465343, 4780330]
                 avg          P99       P99.99         P100
Read         2.10μs      3.44μs      9.14μs      25.64ms
Write         9.48μs     50.53μs    195.34μs       4.78ms

=== bench_out62.dat ===
Monster: conflicts=307786, sync_failures=2045143, empty_requests=0, try_overtime=686683, check_overtime=626077, replicate_overtime=732383
Ops: 2010000  Time: 11.96s  Throughput: 167995.59 ops/sec
Dirty reads: 97 / 1004616 (0.010%)
  Dirty read avg latency: 4.25ms
read_lats: vec100: [1010, 1470, 1480, 1480, 1480, 1490, 1490, 1490, 1490, 1490, 1490, 1500, 1500, 1500, 1500, 1500, 1500, 1500, 1500, 1510, 1510, 1510, 1510, 1510, 1510, 1511, 1520, 1520, 1520, 1520, 1530, 1530, 1530, 1540, 1540, 1550, 1550, 1560, 1560, 1570, 1570, 1580, 1581, 1590, 1600, 1600, 1610, 1620, 1620, 1630, 1640, 1640, 1650, 1660, 1661, 1670, 1680, 1690, 1690, 1700, 1710, 1720, 1720, 1730, 1740, 1750, 1750, 1760, 1770, 1780, 1790, 1800, 1810, 1820, 1830, 1840, 1850, 1860, 1870, 1880, 1900, 1910, 1930, 1950, 1970, 1990, 2011, 2040, 2070, 2100, 2140, 2171, 2220, 2270, 2331, 2410, 2510, 2660, 2920, 3440, 10356530, 21723246]
write_lats: vec100: [4281, 4800, 4910, 5000, 5080, 5140, 5210, 5290, 5370, 5451, 5540, 5620, 5700, 5780, 5850, 5920, 5990, 6060, 6120, 6180, 6240, 6300, 6350, 6400, 6450, 6500, 6550, 6610, 6660, 6710, 6760, 6810, 6860, 6910, 6960, 7010, 7060, 7110, 7151, 7200, 7241, 7290, 7331, 7380, 7421, 7470, 7510, 7550, 7600, 7640, 7680, 7730, 7770, 7810, 7851, 7900, 7941, 7990, 8040, 8080, 8130, 8180, 8230, 8271, 8321, 8370, 8420, 8461, 8510, 8560, 8610, 8651, 8701, 8751, 8810, 8860, 8920, 8980, 9040, 9110, 9181, 9270, 9371, 9500, 9650, 9840, 10060, 10351, 10831, 11840, 13340, 14531, 15481, 16410, 17421, 18860, 22210, 27061, 35291, 51031, 210715, 6759440]
                 avg          P99       P99.99         P100
Read         2.18μs      3.44μs      9.64μs      21.72ms
Write         9.53μs     51.20μs    202.21μs       6.76ms

=== bench_out63.dat ===
Monster: conflicts=326005, sync_failures=2040684, empty_requests=0, try_overtime=684678, check_overtime=630971, replicate_overtime=725035
Ops: 2010000  Time: 12.04s  Throughput: 166954.49 ops/sec
Dirty reads: 92 / 1005551 (0.009%)
  Dirty read avg latency: 4.06ms
read_lats: vec100: [1060, 1470, 1480, 1480, 1480, 1490, 1490, 1490, 1490, 1490, 1490, 1490, 1500, 1500, 1500, 1500, 1500, 1500, 1500, 1500, 1510, 1510, 1510, 1510, 1510, 1510, 1520, 1520, 1520, 1520, 1530, 1530, 1530, 1540, 1540, 1541, 1550, 1550, 1560, 1570, 1570, 1580, 1580, 1590, 1591, 1600, 1610, 1610, 1620, 1630, 1630, 1640, 1650, 1660, 1660, 1670, 1680, 1680, 1690, 1700, 1710, 1710, 1720, 1730, 1740, 1740, 1750, 1760, 1770, 1780, 1781, 1790, 1800, 1810, 1820, 1830, 1840, 1860, 1870, 1880, 1900, 1910, 1930, 1950, 1970, 1990, 2010, 2040, 2061, 2100, 2130, 2170, 2220, 2270, 2330, 2410, 2510, 2650, 2910, 3410, 14351, 25778808]
write_lats: vec100: [4270, 4791, 4900, 4990, 5060, 5120, 5180, 5250, 5330, 5410, 5491, 5580, 5660, 5740, 5810, 5880, 5950, 6020, 6080, 6141, 6210, 6261, 6320, 6380, 6430, 6480, 6530, 6580, 6630, 6681, 6740, 6790, 6840, 6890, 6940, 6991, 7041, 7090, 7140, 7190, 7231, 7280, 7330, 7371, 7420, 7461, 7510, 7550, 7600, 7640, 7681, 7730, 7770, 7820, 7860, 7910, 7950, 8000, 8050, 8091, 8140, 8190, 8240, 8290, 8340, 8390, 8440, 8490, 8531, 8580, 8630, 8680, 8730, 8780, 8840, 8891, 8951, 9020, 9081, 9160, 9240, 9340, 9460, 9610, 9790, 10001, 10280, 10690, 11540, 12930, 14111, 15050, 15910, 16790, 17841, 19481, 23310, 28110, 36601, 52732, 255376, 4807150]
                 avg          P99       P99.99         P100
Read         2.14μs      3.41μs      9.07μs      25.78ms
Write         9.66μs     52.82μs    206.94μs       4.81ms

=== bench_out6.dat ===
Monster: conflicts=15012, sync_failures=2006612, empty_requests=0, try_overtime=666352, check_overtime=420770, replicate_overtime=919490
Ops: 2010000  Time: 10.32s  Throughput: 194787.53 ops/sec
Dirty reads: 116 / 1005241 (0.012%)
  Dirty read avg latency: 3.61ms
read_lats: vec100: [1050, 1480, 1490, 1490, 1490, 1490, 1490, 1500, 1500, 1500, 1500, 1500, 1500, 1510, 1510, 1510, 1510, 1510, 1510, 1520, 1520, 1520, 1520, 1530, 1530, 1530, 1540, 1540, 1550, 1550, 1551, 1560, 1570, 1570, 1580, 1580, 1590, 1590, 1600, 1610, 1610, 1620, 1621, 1630, 1640, 1641, 1650, 1660, 1670, 1670, 1680, 1690, 1690, 1700, 1710, 1711, 1720, 1730, 1740, 1740, 1750, 1760, 1770, 1770, 1780, 1790, 1800, 1810, 1820, 1830, 1840, 1841, 1850, 1870, 1880, 1890, 1900, 1911, 1930, 1940, 1960, 1980, 2000, 2020, 2040, 2060, 2090, 2110, 2140, 2180, 2210, 2260, 2300, 2360, 2430, 2510, 2620, 2780, 3060, 3620, 4833882, 15744886]
write_lats: vec100: [4530, 5091, 5241, 5360, 5470, 5570, 5660, 5750, 5830, 5910, 5980, 6050, 6111, 6171, 6230, 6280, 6330, 6380, 6430, 6470, 6520, 6560, 6600, 6640, 6681, 6721, 6761, 6801, 6840, 6880, 6920, 6960, 7000, 7030, 7070, 7110, 7140, 7180, 7210, 7250, 7280, 7320, 7350, 7381, 7420, 7450, 7481, 7520, 7550, 7581, 7620, 7650, 7690, 7720, 7760, 7790, 7830, 7861, 7900, 7940, 7980, 8011, 8060, 8100, 8140, 8180, 8220, 8261, 8310, 8350, 8400, 8440, 8480, 8530, 8570, 8610, 8660, 8700, 8741, 8790, 8831, 8880, 8930, 8980, 9030, 9081, 9141, 9210, 9280, 9350, 9440, 9550, 9670, 9810, 9980, 10180, 10420, 10751, 11360, 12990, 117653, 6632157]
                 avg          P99       P99.99         P100
Read         2.23μs      3.62μs      9.90μs      15.74ms
Write         7.87μs     13.01μs     82.33μs       6.63ms

=== bench_out7.dat ===
Monster: conflicts=17365, sync_failures=1963506, empty_requests=0, try_overtime=654622, check_overtime=398053, replicate_overtime=910831
Ops: 2010000  Time: 10.37s  Throughput: 193801.87 ops/sec
Dirty reads: 123 / 1005521 (0.012%)
  Dirty read avg latency: 4.33ms
read_lats: vec100: [1050, 1480, 1490, 1490, 1490, 1490, 1500, 1500, 1500, 1500, 1500, 1500, 1500, 1510, 1510, 1510, 1510, 1510, 1510, 1520, 1520, 1520, 1520, 1530, 1530, 1530, 1540, 1540, 1550, 1550, 1551, 1560, 1570, 1570, 1580, 1580, 1590, 1590, 1600, 1610, 1610, 1620, 1630, 1630, 1640, 1650, 1650, 1660, 1670, 1670, 1680, 1690, 1690, 1700, 1710, 1720, 1720, 1730, 1740, 1750, 1750, 1760, 1770, 1780, 1780, 1790, 1800, 1810, 1820, 1830, 1840, 1850, 1860, 1870, 1880, 1890, 1900, 1920, 1930, 1950, 1960, 1980, 2000, 2020, 2040, 2060, 2090, 2110, 2140, 2180, 2210, 2260, 2310, 2360, 2430, 2510, 2620, 2780, 3061, 3620, 11447648, 19410128]
write_lats: vec100: [4520, 5070, 5210, 5321, 5421, 5520, 5610, 5690, 5770, 5841, 5920, 5981, 6050, 6110, 6161, 6220, 6270, 6311, 6360, 6410, 6450, 6490, 6540, 6580, 6620, 6660, 6700, 6740, 6780, 6811, 6850, 6890, 6930, 6961, 7000, 7040, 7070, 7110, 7140, 7180, 7210, 7250, 7280, 7310, 7350, 7380, 7410, 7441, 7480, 7510, 7541, 7580, 7610, 7650, 7680, 7711, 7750, 7790, 7820, 7860, 7900, 7940, 7980, 8020, 8060, 8100, 8140, 8190, 8230, 8280, 8320, 8370, 8410, 8460, 8500, 8550, 8590, 8640, 8681, 8730, 8780, 8830, 8880, 8930, 8980, 9040, 9100, 9160, 9230, 9310, 9400, 9500, 9620, 9770, 9931, 10150, 10401, 10761, 11430, 13441, 101212, 6780970]
                 avg          P99       P99.99         P100
Read         2.33μs      3.62μs     10.12μs      19.41ms
Write         7.81μs     13.48μs     87.93μs       6.78ms

=== bench_out8.dat ===
Monster: conflicts=20316, sync_failures=1927996, empty_requests=0, try_overtime=647382, check_overtime=379543, replicate_overtime=901071
Ops: 2010000  Time: 10.19s  Throughput: 197243.36 ops/sec
Dirty reads: 104 / 1004454 (0.010%)
  Dirty read avg latency: 3.73ms
read_lats: vec100: [1110, 1480, 1490, 1490, 1490, 1490, 1500, 1500, 1500, 1500, 1500, 1500, 1510, 1510, 1510, 1510, 1510, 1510, 1520, 1520, 1520, 1520, 1521, 1530, 1530, 1530, 1540, 1540, 1550, 1550, 1560, 1560, 1570, 1570, 1580, 1580, 1590, 1590, 1600, 1610, 1610, 1620, 1630, 1630, 1640, 1650, 1650, 1660, 1670, 1670, 1680, 1690, 1690, 1700, 1710, 1720, 1720, 1730, 1740, 1750, 1750, 1760, 1770, 1780, 1780, 1790, 1800, 1810, 1820, 1830, 1840, 1850, 1860, 1870, 1880, 1890, 1900, 1910, 1930, 1940, 1960, 1980, 2000, 2020, 2040, 2060, 2080, 2110, 2140, 2170, 2210, 2250, 2300, 2350, 2420, 2500, 2610, 2770, 3050, 3600, 16440, 22327281]
write_lats: vec100: [4570, 5060, 5190, 5300, 5400, 5490, 5571, 5660, 5731, 5810, 5880, 5950, 6010, 6070, 6121, 6180, 6230, 6271, 6320, 6361, 6410, 6450, 6490, 6530, 6570, 6610, 6650, 6690, 6721, 6760, 6800, 6840, 6870, 6910, 6941, 6980, 7020, 7050, 7090, 7120, 7151, 7190, 7220, 7251, 7290, 7320, 7350, 7390, 7420, 7450, 7480, 7520, 7550, 7580, 7620, 7650, 7681, 7720, 7751, 7790, 7830, 7861, 7900, 7940, 7980, 8020, 8061, 8110, 8151, 8200, 8241, 8290, 8340, 8390, 8430, 8480, 8530, 8571, 8621, 8670, 8720, 8770, 8821, 8880, 8930, 8990, 9050, 9110, 9180, 9260, 9341, 9450, 9570, 9710, 9881, 10100, 10360, 10730, 11450, 14040, 167604, 6638237]
                 avg          P99       P99.99         P100
Read         2.19μs      3.60μs      9.98μs      22.33ms
Write         7.78μs     14.08μs     79.99μs       6.64ms

=== bench_out9.dat ===
Monster: conflicts=22760, sync_failures=1979138, empty_requests=0, try_overtime=661717, check_overtime=407946, replicate_overtime=909475
Ops: 2010000  Time: 10.40s  Throughput: 193226.04 ops/sec
Dirty reads: 121 / 1004973 (0.012%)
  Dirty read avg latency: 4.06ms
read_lats: vec100: [1070, 1480, 1490, 1490, 1490, 1500, 1500, 1500, 1500, 1500, 1500, 1500, 1510, 1510, 1510, 1510, 1510, 1510, 1520, 1520, 1520, 1520, 1530, 1530, 1530, 1540, 1540, 1540, 1550, 1550, 1560, 1560, 1570, 1570, 1580, 1580, 1590, 1600, 1600, 1610, 1620, 1620, 1630, 1631, 1640, 1650, 1651, 1660, 1670, 1680, 1680, 1690, 1700, 1700, 1710, 1720, 1730, 1730, 1740, 1750, 1760, 1760, 1770, 1780, 1790, 1790, 1800, 1810, 1820, 1830, 1840, 1850, 1860, 1870, 1880, 1890, 1910, 1920, 1930, 1950, 1970, 1980, 2000, 2020, 2040, 2070, 2090, 2120, 2150, 2180, 2220, 2260, 2310, 2370, 2431, 2520, 2630, 2790, 3070, 3630, 12790, 17617953]
write_lats: vec100: [4570, 5080, 5220, 5330, 5431, 5530, 5620, 5710, 5790, 5860, 5940, 6010, 6070, 6130, 6180, 6240, 6290, 6331, 6380, 6430, 6470, 6510, 6551, 6591, 6640, 6680, 6720, 6751, 6791, 6831, 6870, 6910, 6950, 6990, 7020, 7060, 7091, 7130, 7170, 7200, 7231, 7270, 7300, 7340, 7370, 7400, 7431, 7470, 7500, 7531, 7570, 7600, 7640, 7670, 7701, 7740, 7780, 7810, 7850, 7890, 7930, 7961, 8001, 8041, 8081, 8130, 8170, 8211, 8260, 8301, 8350, 8390, 8440, 8481, 8530, 8571, 8620, 8661, 8710, 8760, 8801, 8850, 8900, 8951, 9010, 9061, 9121, 9190, 9260, 9340, 9431, 9540, 9670, 9820, 10000, 10211, 10480, 10880, 11660, 14801, 219036, 7849797]
                 avg          P99       P99.99         P100
Read         2.32μs      3.64μs     10.28μs      17.62ms
Write         7.86μs     14.82μs     80.38μs       7.85ms
