Date: 20260430_1652
YCSB workload: workloada_64_medium

============= RepCXL configuration =============
processes = "0-63"
algorithm = "fmonster"
pipeline = false
round_time = 1300 
read_retries = 100
# core_affinity = 2 
============= Benchmark Results =============

=== bench_out0.dat ===
Monster: conflicts=1064, sync_failures=1129445, empty_requests=0, try_overtime=357678, check_overtime=198187, replicate_overtime=573580
Ops: 2010000  Time: 17.31s  Throughput: 116108.50 ops/sec
Dirty reads: 1 / 1004963 (0.000%)
  Dirty read avg latency: 11.76ms
read_lats: vec100: [1080, 1470, 1470, 1470, 1470, 1470, 1470, 1471, 1480, 1480, 1480, 1480, 1480, 1480, 1480, 1480, 1480, 1480, 1480, 1480, 1480, 1481, 1490, 1490, 1490, 1490, 1490, 1490, 1490, 1490, 1491, 1500, 1500, 1500, 1500, 1500, 1501, 1510, 1510, 1510, 1510, 1520, 1520, 1520, 1520, 1530, 1530, 1540, 1540, 1550, 1550, 1560, 1560, 1570, 1580, 1581, 1590, 1600, 1610, 1611, 1620, 1630, 1640, 1650, 1650, 1660, 1670, 1680, 1690, 1700, 1700, 1710, 1720, 1730, 1740, 1750, 1760, 1761, 1770, 1790, 1800, 1810, 1830, 1840, 1850, 1870, 1890, 1910, 1940, 1970, 2000, 2040, 2080, 2140, 2200, 2270, 2361, 2500, 2710, 3180, 16008772, 16228797]
write_lats: vec100: [4240, 4620, 4670, 4710, 4740, 4770, 4800, 4820, 4850, 4870, 4890, 4910, 4931, 4960, 4980, 5000, 5010, 5030, 5040, 5060, 5070, 5090, 5100, 5110, 5120, 5131, 5150, 5170, 5180, 5200, 5230, 5260, 5290, 5330, 5360, 5400, 5430, 5470, 5510, 5550, 5600, 5640, 5681, 5720, 5760, 5800, 5830, 5870, 5910, 5960, 6030, 6100, 6170, 6240, 6310, 6371, 6440, 6500, 6570, 6631, 6700, 6761, 6830, 6900, 6960, 7021, 7081, 7150, 7201, 7260, 7320, 7380, 7440, 7500, 7560, 7620, 7681, 7750, 7820, 7890, 7960, 8031, 8111, 8200, 8280, 8370, 8460, 8541, 8630, 8720, 8820, 8911, 9020, 9140, 9270, 9440, 9660, 9970, 10400, 11220, 16019122, 21471409]
                 avg          P99       P99.99         P100
Read         3.69μs      3.19μs      16.01ms      16.23ms
Write        12.93μs     11.22μs      16.02ms      21.47ms

=== bench_out10.dat ===
Monster: conflicts=27020, sync_failures=2102405, empty_requests=0, try_overtime=709950, check_overtime=462011, replicate_overtime=930444
Ops: 2010000  Time: 10.18s  Throughput: 197452.14 ops/sec
Dirty reads: 0 / 1004967 (0.000%)
read_lats: vec100: [1050, 1480, 1490, 1490, 1500, 1500, 1500, 1500, 1500, 1510, 1510, 1510, 1510, 1510, 1510, 1520, 1520, 1520, 1520, 1520, 1530, 1530, 1530, 1540, 1540, 1540, 1550, 1550, 1560, 1560, 1570, 1570, 1580, 1590, 1590, 1600, 1600, 1610, 1620, 1620, 1630, 1640, 1640, 1650, 1660, 1660, 1670, 1680, 1690, 1690, 1700, 1710, 1711, 1720, 1730, 1740, 1740, 1750, 1760, 1770, 1770, 1780, 1790, 1800, 1810, 1820, 1821, 1830, 1840, 1850, 1860, 1870, 1890, 1900, 1910, 1920, 1940, 1950, 1970, 1990, 2000, 2020, 2040, 2070, 2090, 2111, 2140, 2170, 2210, 2240, 2280, 2330, 2380, 2440, 2520, 2610, 2730, 2920, 3200, 3750, 10130, 3573080]
write_lats: vec100: [4600, 5160, 5330, 5461, 5590, 5700, 5800, 5890, 5981, 6070, 6140, 6210, 6271, 6331, 6390, 6441, 6490, 6540, 6590, 6640, 6680, 6730, 6770, 6811, 6860, 6900, 6940, 6980, 7020, 7060, 7091, 7130, 7170, 7210, 7241, 7280, 7320, 7350, 7390, 7420, 7451, 7490, 7520, 7560, 7590, 7630, 7660, 7691, 7730, 7761, 7800, 7840, 7870, 7910, 7950, 7990, 8021, 8061, 8100, 8140, 8180, 8221, 8270, 8310, 8350, 8390, 8430, 8470, 8510, 8550, 8591, 8631, 8671, 8711, 8760, 8800, 8840, 8880, 8921, 8970, 9020, 9061, 9111, 9170, 9221, 9290, 9351, 9430, 9511, 9611, 9721, 9850, 9990, 10151, 10340, 10570, 10881, 11380, 12300, 16061, 194745, 11567961]
                 avg          P99       P99.99         P100
Read         1.83μs      3.75μs      9.41μs       3.57ms
Write         8.10μs     16.08μs     97.91μs      11.57ms

=== bench_out11.dat ===
Monster: conflicts=30492, sync_failures=2015026, empty_requests=0, try_overtime=683657, check_overtime=417165, replicate_overtime=914204
Ops: 2010000  Time: 10.08s  Throughput: 199392.62 ops/sec
Dirty reads: 1 / 1004710 (0.000%)
  Dirty read avg latency: 6.28ms
read_lats: vec100: [1060, 1480, 1490, 1490, 1500, 1500, 1500, 1500, 1500, 1510, 1510, 1510, 1510, 1510, 1510, 1520, 1520, 1520, 1520, 1520, 1530, 1530, 1530, 1540, 1540, 1540, 1550, 1550, 1560, 1560, 1570, 1570, 1580, 1580, 1590, 1600, 1600, 1610, 1620, 1620, 1630, 1640, 1640, 1650, 1660, 1660, 1670, 1680, 1680, 1690, 1700, 1710, 1710, 1720, 1730, 1740, 1740, 1750, 1760, 1761, 1770, 1780, 1790, 1800, 1800, 1810, 1820, 1830, 1840, 1850, 1860, 1870, 1880, 1890, 1910, 1920, 1930, 1950, 1960, 1980, 2000, 2020, 2040, 2060, 2080, 2110, 2130, 2160, 2200, 2230, 2270, 2320, 2370, 2430, 2500, 2590, 2710, 2890, 3180, 3740, 20251, 6279898]
write_lats: vec100: [4490, 5110, 5260, 5380, 5490, 5590, 5680, 5770, 5850, 5930, 6001, 6070, 6140, 6191, 6250, 6301, 6360, 6401, 6450, 6500, 6540, 6580, 6630, 6670, 6710, 6750, 6790, 6830, 6870, 6910, 6950, 6981, 7020, 7060, 7100, 7130, 7170, 7200, 7240, 7270, 7301, 7340, 7370, 7401, 7440, 7470, 7501, 7540, 7570, 7610, 7640, 7671, 7710, 7741, 7780, 7820, 7851, 7890, 7930, 7970, 8010, 8050, 8090, 8130, 8171, 8220, 8260, 8310, 8350, 8391, 8440, 8481, 8530, 8571, 8620, 8661, 8710, 8760, 8800, 8850, 8900, 8950, 9000, 9051, 9110, 9170, 9240, 9310, 9390, 9490, 9590, 9720, 9860, 10030, 10230, 10470, 10800, 11350, 12440, 16691, 114733, 6242197]
                 avg          P99       P99.99         P100
Read         1.84μs      3.74μs      9.34μs       6.28ms
Write         8.02μs     16.74μs    100.89μs       6.24ms

=== bench_out12.dat ===
Monster: conflicts=33358, sync_failures=1967397, empty_requests=0, try_overtime=663981, check_overtime=407654, replicate_overtime=895762
Ops: 2010000  Time: 9.95s  Throughput: 201919.02 ops/sec
Dirty reads: 0 / 1004813 (0.000%)
read_lats: vec100: [1070, 1480, 1480, 1490, 1490, 1490, 1490, 1490, 1500, 1500, 1500, 1500, 1500, 1500, 1501, 1510, 1510, 1510, 1510, 1510, 1520, 1520, 1520, 1520, 1530, 1530, 1530, 1540, 1540, 1550, 1550, 1560, 1560, 1570, 1570, 1580, 1590, 1590, 1600, 1610, 1610, 1620, 1630, 1630, 1640, 1650, 1650, 1660, 1670, 1680, 1680, 1690, 1700, 1700, 1710, 1720, 1730, 1730, 1740, 1750, 1760, 1760, 1770, 1780, 1790, 1800, 1810, 1811, 1820, 1830, 1840, 1850, 1860, 1871, 1890, 1900, 1910, 1930, 1940, 1960, 1980, 2000, 2020, 2040, 2060, 2080, 2110, 2140, 2170, 2200, 2240, 2290, 2340, 2390, 2460, 2550, 2661, 2830, 3120, 3680, 19560, 2920223]
write_lats: vec100: [4430, 5070, 5210, 5321, 5430, 5521, 5610, 5700, 5780, 5850, 5921, 5990, 6060, 6120, 6170, 6221, 6280, 6321, 6370, 6420, 6460, 6500, 6541, 6590, 6630, 6670, 6710, 6750, 6790, 6821, 6860, 6900, 6940, 6980, 7010, 7050, 7090, 7120, 7160, 7190, 7230, 7260, 7290, 7330, 7360, 7391, 7430, 7460, 7491, 7530, 7560, 7600, 7630, 7670, 7700, 7740, 7771, 7810, 7850, 7890, 7930, 7970, 8010, 8050, 8090, 8130, 8180, 8220, 8270, 8310, 8360, 8401, 8450, 8500, 8541, 8590, 8631, 8680, 8730, 8780, 8830, 8880, 8930, 8981, 9040, 9100, 9170, 9240, 9311, 9400, 9501, 9621, 9770, 9930, 10130, 10370, 10690, 11250, 12530, 17110, 104053, 3109848]
                 avg          P99       P99.99         P100
Read         1.81μs      3.68μs      9.00μs       2.92ms
Write         7.92μs     17.16μs     98.15μs       3.11ms

=== bench_out13.dat ===
Monster: conflicts=37122, sync_failures=1973870, empty_requests=0, try_overtime=665678, check_overtime=409007, replicate_overtime=899185
Ops: 2010000  Time: 9.98s  Throughput: 201364.51 ops/sec
Dirty reads: 0 / 1004637 (0.000%)
read_lats: vec100: [1060, 1480, 1480, 1490, 1490, 1490, 1490, 1490, 1500, 1500, 1500, 1500, 1500, 1500, 1501, 1510, 1510, 1510, 1510, 1510, 1520, 1520, 1520, 1521, 1530, 1530, 1540, 1540, 1540, 1550, 1550, 1560, 1560, 1570, 1580, 1580, 1590, 1590, 1600, 1610, 1610, 1620, 1630, 1630, 1640, 1650, 1650, 1660, 1670, 1680, 1680, 1690, 1700, 1700, 1710, 1720, 1730, 1730, 1740, 1750, 1760, 1760, 1770, 1780, 1790, 1800, 1810, 1810, 1820, 1830, 1840, 1850, 1860, 1871, 1890, 1900, 1910, 1930, 1940, 1960, 1980, 2000, 2020, 2040, 2060, 2080, 2110, 2140, 2170, 2210, 2240, 2290, 2340, 2400, 2470, 2550, 2670, 2840, 3121, 3681, 11530, 2910123]
write_lats: vec100: [4551, 5070, 5210, 5330, 5430, 5520, 5610, 5691, 5770, 5850, 5920, 5990, 6050, 6110, 6170, 6220, 6270, 6320, 6370, 6410, 6460, 6500, 6540, 6581, 6630, 6670, 6710, 6750, 6790, 6821, 6860, 6900, 6940, 6980, 7011, 7050, 7090, 7120, 7160, 7190, 7230, 7260, 7300, 7330, 7360, 7400, 7430, 7461, 7500, 7530, 7570, 7600, 7640, 7670, 7710, 7740, 7780, 7820, 7851, 7890, 7930, 7970, 8010, 8051, 8100, 8140, 8181, 8230, 8271, 8320, 8370, 8410, 8460, 8501, 8550, 8591, 8640, 8690, 8731, 8781, 8831, 8890, 8940, 9000, 9050, 9120, 9180, 9250, 9330, 9420, 9530, 9650, 9791, 9960, 10170, 10420, 10761, 11371, 12940, 17680, 143704, 3116708]
                 avg          P99       P99.99         P100
Read         1.81μs      3.69μs      9.07μs       2.91ms
Write         7.95μs     17.71μs    111.70μs       3.12ms

=== bench_out14.dat ===
Monster: conflicts=39646, sync_failures=2017716, empty_requests=0, try_overtime=680317, check_overtime=434879, replicate_overtime=902520
Ops: 2010000  Time: 10.11s  Throughput: 198829.73 ops/sec
Dirty reads: 0 / 1005399 (0.000%)
read_lats: vec100: [1040, 1480, 1480, 1490, 1490, 1490, 1490, 1500, 1500, 1500, 1500, 1500, 1500, 1510, 1510, 1510, 1510, 1510, 1510, 1520, 1520, 1520, 1520, 1530, 1530, 1530, 1540, 1540, 1550, 1550, 1560, 1560, 1570, 1570, 1580, 1580, 1590, 1600, 1600, 1610, 1620, 1620, 1630, 1640, 1640, 1650, 1660, 1660, 1670, 1680, 1681, 1690, 1700, 1710, 1710, 1720, 1730, 1740, 1740, 1750, 1760, 1770, 1770, 1780, 1790, 1800, 1810, 1820, 1830, 1840, 1850, 1860, 1870, 1880, 1890, 1900, 1920, 1930, 1941, 1960, 1980, 2000, 2020, 2040, 2060, 2080, 2110, 2140, 2170, 2210, 2241, 2290, 2340, 2400, 2470, 2550, 2670, 2840, 3120, 3670, 9340, 6658468]
write_lats: vec100: [4530, 5100, 5250, 5370, 5480, 5580, 5670, 5760, 5840, 5920, 5990, 6060, 6120, 6180, 6240, 6290, 6341, 6390, 6440, 6481, 6530, 6570, 6620, 6660, 6700, 6740, 6781, 6821, 6861, 6901, 6940, 6980, 7020, 7060, 7091, 7130, 7170, 7201, 7240, 7271, 7310, 7341, 7380, 7410, 7450, 7480, 7511, 7550, 7580, 7620, 7650, 7690, 7720, 7760, 7791, 7830, 7870, 7910, 7941, 7981, 8021, 8061, 8110, 8150, 8190, 8230, 8280, 8320, 8361, 8410, 8450, 8500, 8540, 8580, 8630, 8670, 8711, 8760, 8810, 8850, 8900, 8950, 9000, 9051, 9110, 9171, 9240, 9311, 9400, 9490, 9600, 9730, 9871, 10050, 10250, 10500, 10860, 11490, 13210, 17990, 6473823, 6473823]
                 avg          P99       P99.99         P100
Read         1.84μs      3.68μs      9.32μs       6.66ms
Write         8.06μs     17.99μs    103.78μs       6.47ms

=== bench_out15.dat ===
Monster: conflicts=42915, sync_failures=2025183, empty_requests=0, try_overtime=684406, check_overtime=435831, replicate_overtime=904946
Ops: 2010000  Time: 10.14s  Throughput: 198311.99 ops/sec
Dirty reads: 0 / 1004770 (0.000%)
read_lats: vec100: [1030, 1480, 1490, 1490, 1490, 1490, 1490, 1500, 1500, 1500, 1500, 1500, 1500, 1510, 1510, 1510, 1510, 1510, 1510, 1520, 1520, 1520, 1520, 1530, 1530, 1530, 1540, 1540, 1550, 1550, 1560, 1560, 1570, 1570, 1580, 1580, 1590, 1600, 1600, 1610, 1620, 1620, 1630, 1640, 1640, 1650, 1660, 1660, 1670, 1680, 1690, 1690, 1700, 1710, 1710, 1720, 1730, 1740, 1740, 1750, 1760, 1770, 1770, 1780, 1790, 1800, 1810, 1820, 1830, 1840, 1850, 1860, 1870, 1880, 1890, 1900, 1920, 1930, 1950, 1960, 1980, 2000, 2020, 2040, 2060, 2080, 2110, 2140, 2170, 2201, 2240, 2290, 2340, 2391, 2460, 2550, 2660, 2830, 3110, 3660, 9591, 6389120]
write_lats: vec100: [4370, 5100, 5250, 5370, 5480, 5580, 5671, 5760, 5841, 5920, 6000, 6070, 6130, 6190, 6250, 6300, 6350, 6400, 6450, 6491, 6540, 6580, 6630, 6670, 6710, 6750, 6790, 6830, 6870, 6910, 6950, 6990, 7030, 7061, 7100, 7140, 7171, 7210, 7250, 7280, 7320, 7350, 7381, 7420, 7450, 7490, 7520, 7551, 7590, 7621, 7660, 7691, 7730, 7761, 7800, 7840, 7880, 7911, 7951, 7990, 8030, 8070, 8111, 8160, 8200, 8240, 8281, 8330, 8370, 8420, 8460, 8501, 8550, 8590, 8631, 8680, 8720, 8770, 8810, 8860, 8910, 8960, 9010, 9060, 9120, 9180, 9250, 9320, 9400, 9500, 9610, 9740, 9890, 10070, 10271, 10530, 10910, 11580, 13650, 18300, 238686, 6675658]
                 avg          P99       P99.99         P100
Read         1.82μs      3.66μs      8.96μs       6.39ms
Write         8.10μs     18.32μs    112.63μs       6.68ms

=== bench_out16.dat ===
Monster: conflicts=45764, sync_failures=2088512, empty_requests=0, try_overtime=705077, check_overtime=470111, replicate_overtime=913324
Ops: 2010000  Time: 10.27s  Throughput: 195721.65 ops/sec
Dirty reads: 0 / 1004506 (0.000%)
read_lats: vec100: [1060, 1480, 1490, 1490, 1490, 1500, 1500, 1500, 1500, 1500, 1500, 1500, 1510, 1510, 1510, 1510, 1510, 1511, 1520, 1520, 1520, 1520, 1530, 1530, 1530, 1540, 1540, 1540, 1550, 1550, 1560, 1560, 1570, 1571, 1580, 1590, 1590, 1600, 1610, 1610, 1620, 1630, 1630, 1640, 1650, 1650, 1660, 1670, 1670, 1680, 1690, 1700, 1700, 1710, 1720, 1730, 1730, 1740, 1750, 1760, 1760, 1770, 1780, 1790, 1790, 1800, 1810, 1820, 1830, 1840, 1850, 1860, 1870, 1880, 1900, 1910, 1920, 1940, 1950, 1970, 1990, 2001, 2020, 2050, 2070, 2090, 2120, 2150, 2180, 2220, 2260, 2300, 2350, 2410, 2480, 2570, 2690, 2860, 3140, 3680, 18541, 6474573]
write_lats: vec100: [4540, 5130, 5290, 5420, 5540, 5650, 5750, 5840, 5930, 6010, 6090, 6160, 6220, 6280, 6340, 6390, 6440, 6490, 6540, 6590, 6631, 6680, 6720, 6761, 6810, 6850, 6890, 6930, 6970, 7011, 7050, 7090, 7130, 7170, 7201, 7240, 7280, 7310, 7350, 7380, 7420, 7451, 7490, 7521, 7560, 7591, 7630, 7661, 7700, 7731, 7770, 7801, 7840, 7880, 7920, 7951, 7991, 8030, 8070, 8110, 8151, 8191, 8240, 8280, 8320, 8360, 8400, 8441, 8490, 8530, 8570, 8610, 8650, 8690, 8730, 8771, 8820, 8860, 8900, 8950, 9000, 9041, 9100, 9150, 9210, 9270, 9340, 9420, 9510, 9610, 9730, 9860, 10010, 10190, 10391, 10660, 11080, 11800, 14130, 18731, 113413, 6703389]
                 avg          P99       P99.99         P100
Read         1.83μs      3.68μs      9.00μs       6.47ms
Write         8.20μs     18.78μs    107.48μs       6.70ms

=== bench_out17.dat ===
Monster: conflicts=51236, sync_failures=1993632, empty_requests=0, try_overtime=680216, check_overtime=419591, replicate_overtime=893825
Ops: 2010000  Time: 10.14s  Throughput: 198317.66 ops/sec
Dirty reads: 0 / 1005309 (0.000%)
read_lats: vec100: [1040, 1480, 1490, 1490, 1490, 1490, 1500, 1500, 1500, 1500, 1500, 1500, 1510, 1510, 1510, 1510, 1510, 1510, 1520, 1520, 1520, 1520, 1530, 1530, 1530, 1540, 1540, 1540, 1550, 1550, 1560, 1560, 1570, 1570, 1580, 1590, 1590, 1600, 1600, 1610, 1620, 1620, 1630, 1640, 1650, 1650, 1660, 1670, 1670, 1680, 1690, 1691, 1700, 1710, 1720, 1720, 1730, 1740, 1750, 1750, 1760, 1770, 1780, 1780, 1790, 1800, 1810, 1820, 1830, 1840, 1850, 1860, 1870, 1880, 1890, 1901, 1920, 1930, 1950, 1960, 1980, 2000, 2020, 2040, 2060, 2090, 2110, 2140, 2170, 2210, 2250, 2290, 2340, 2400, 2470, 2550, 2670, 2830, 3110, 3660, 21290, 6661108]
write_lats: vec100: [4570, 5080, 5220, 5340, 5441, 5540, 5630, 5720, 5800, 5871, 5950, 6020, 6080, 6140, 6200, 6250, 6300, 6350, 6400, 6441, 6490, 6530, 6571, 6620, 6660, 6700, 6740, 6780, 6820, 6860, 6891, 6930, 6970, 7010, 7041, 7080, 7120, 7150, 7190, 7220, 7260, 7290, 7330, 7360, 7391, 7430, 7460, 7491, 7530, 7561, 7600, 7630, 7670, 7700, 7740, 7771, 7810, 7850, 7890, 7930, 7970, 8010, 8050, 8090, 8130, 8180, 8220, 8270, 8310, 8360, 8400, 8450, 8491, 8540, 8590, 8630, 8680, 8721, 8771, 8820, 8870, 8921, 8980, 9030, 9090, 9151, 9220, 9300, 9380, 9480, 9591, 9730, 9881, 10070, 10290, 10570, 11020, 11890, 15000, 19180, 128003, 6710309]
                 avg          P99       P99.99         P100
Read         1.85μs      3.66μs      8.98μs       6.66ms
Write         8.07μs     19.22μs    118.94μs       6.71ms

=== bench_out18.dat ===
Monster: conflicts=53917, sync_failures=2053834, empty_requests=0, try_overtime=699540, check_overtime=450358, replicate_overtime=903936
Ops: 2010000  Time: 10.26s  Throughput: 195908.44 ops/sec
Dirty reads: 0 / 1003673 (0.000%)
read_lats: vec100: [1030, 1480, 1490, 1490, 1490, 1500, 1500, 1500, 1500, 1500, 1500, 1510, 1510, 1510, 1510, 1510, 1510, 1520, 1520, 1520, 1520, 1521, 1530, 1530, 1530, 1540, 1540, 1550, 1550, 1551, 1560, 1570, 1570, 1580, 1580, 1590, 1590, 1600, 1610, 1610, 1620, 1630, 1630, 1640, 1650, 1651, 1660, 1670, 1680, 1680, 1690, 1700, 1710, 1710, 1720, 1730, 1731, 1740, 1750, 1760, 1761, 1770, 1780, 1790, 1800, 1801, 1810, 1820, 1830, 1840, 1850, 1860, 1870, 1880, 1900, 1910, 1920, 1940, 1950, 1970, 1990, 2010, 2030, 2050, 2070, 2090, 2120, 2150, 2180, 2220, 2260, 2300, 2350, 2410, 2480, 2570, 2690, 2860, 3140, 3690, 9380, 6715079]
write_lats: vec100: [4470, 5110, 5260, 5390, 5500, 5600, 5700, 5790, 5880, 5960, 6030, 6100, 6160, 6220, 6280, 6330, 6381, 6430, 6480, 6530, 6570, 6620, 6660, 6700, 6741, 6790, 6830, 6870, 6910, 6950, 6990, 7030, 7061, 7100, 7140, 7180, 7210, 7250, 7280, 7320, 7350, 7390, 7420, 7460, 7490, 7521, 7560, 7591, 7630, 7660, 7700, 7731, 7770, 7810, 7841, 7880, 7920, 7960, 8000, 8040, 8080, 8120, 8160, 8201, 8250, 8290, 8331, 8380, 8420, 8461, 8510, 8550, 8590, 8640, 8680, 8720, 8770, 8810, 8860, 8900, 8950, 9000, 9051, 9110, 9170, 9231, 9301, 9380, 9470, 9580, 9700, 9831, 10000, 10190, 10410, 10710, 11181, 12120, 15380, 19471, 240146, 6658167]
                 avg          P99       P99.99         P100
Read         1.84μs      3.70μs      8.85μs       6.72ms
Write         8.19μs     19.49μs    116.64μs       6.66ms

=== bench_out19.dat ===
Monster: conflicts=57978, sync_failures=2053703, empty_requests=0, try_overtime=702607, check_overtime=451806, replicate_overtime=899290
Ops: 2010000  Time: 10.29s  Throughput: 195408.42 ops/sec
Dirty reads: 0 / 1005179 (0.000%)
read_lats: vec100: [1050, 1480, 1490, 1490, 1500, 1500, 1500, 1500, 1500, 1500, 1510, 1510, 1510, 1510, 1510, 1510, 1511, 1520, 1520, 1520, 1520, 1530, 1530, 1530, 1540, 1540, 1540, 1550, 1550, 1560, 1560, 1570, 1570, 1580, 1580, 1590, 1600, 1600, 1610, 1620, 1620, 1630, 1640, 1640, 1650, 1660, 1660, 1670, 1680, 1690, 1690, 1700, 1710, 1711, 1720, 1730, 1740, 1740, 1750, 1760, 1770, 1770, 1780, 1790, 1800, 1810, 1820, 1821, 1831, 1840, 1850, 1860, 1871, 1890, 1900, 1910, 1930, 1940, 1960, 1970, 1990, 2010, 2030, 2050, 2070, 2100, 2130, 2160, 2190, 2220, 2260, 2310, 2360, 2420, 2490, 2580, 2700, 2870, 3150, 3700, 9550, 6663538]
write_lats: vec100: [4480, 5110, 5260, 5381, 5500, 5600, 5700, 5790, 5880, 5960, 6030, 6100, 6161, 6221, 6280, 6340, 6390, 6440, 6480, 6530, 6571, 6620, 6660, 6701, 6750, 6790, 6830, 6870, 6910, 6950, 6990, 7030, 7070, 7101, 7140, 7180, 7211, 7250, 7290, 7320, 7351, 7390, 7421, 7460, 7491, 7530, 7560, 7600, 7630, 7670, 7700, 7740, 7771, 7810, 7850, 7881, 7921, 7960, 8000, 8040, 8080, 8121, 8170, 8210, 8251, 8300, 8340, 8381, 8430, 8470, 8511, 8560, 8600, 8641, 8690, 8730, 8780, 8820, 8870, 8911, 8961, 9011, 9070, 9121, 9181, 9250, 9320, 9401, 9500, 9600, 9730, 9870, 10030, 10221, 10460, 10771, 11310, 12430, 15900, 20050, 285708, 6512384]
                 avg          P99       P99.99         P100
Read         1.83μs      3.71μs      9.17μs       6.66ms
Write         8.23μs     20.06μs    126.81μs       6.51ms

=== bench_out1.dat ===
Monster: conflicts=3249, sync_failures=1927715, empty_requests=0, try_overtime=640561, check_overtime=373881, replicate_overtime=913273
Ops: 2010000  Time: 9.72s  Throughput: 206735.13 ops/sec
Dirty reads: 0 / 1005527 (0.000%)
read_lats: vec100: [1130, 1480, 1490, 1490, 1500, 1500, 1500, 1500, 1500, 1510, 1510, 1510, 1510, 1510, 1510, 1510, 1520, 1520, 1520, 1520, 1520, 1530, 1530, 1530, 1540, 1540, 1540, 1550, 1550, 1560, 1560, 1570, 1570, 1580, 1580, 1590, 1590, 1600, 1610, 1610, 1620, 1630, 1630, 1640, 1650, 1650, 1660, 1670, 1680, 1680, 1690, 1700, 1700, 1710, 1720, 1730, 1730, 1740, 1750, 1760, 1760, 1770, 1780, 1790, 1791, 1800, 1810, 1820, 1830, 1840, 1850, 1860, 1870, 1880, 1890, 1910, 1920, 1930, 1950, 1970, 1980, 2000, 2020, 2040, 2060, 2090, 2110, 2140, 2170, 2210, 2250, 2290, 2340, 2400, 2470, 2550, 2670, 2830, 3120, 3660, 12620, 2857702]
write_lats: vec100: [4600, 5070, 5201, 5320, 5420, 5510, 5591, 5671, 5750, 5821, 5890, 5960, 6020, 6080, 6140, 6190, 6240, 6280, 6330, 6371, 6420, 6460, 6500, 6540, 6580, 6620, 6660, 6700, 6740, 6771, 6810, 6850, 6890, 6920, 6960, 6991, 7030, 7061, 7100, 7131, 7170, 7200, 7240, 7270, 7300, 7331, 7370, 7400, 7430, 7470, 7500, 7530, 7561, 7600, 7630, 7670, 7700, 7740, 7770, 7810, 7841, 7880, 7920, 7960, 8000, 8040, 8081, 8130, 8170, 8220, 8260, 8310, 8360, 8400, 8450, 8500, 8550, 8591, 8640, 8690, 8740, 8790, 8840, 8890, 8950, 9000, 9061, 9130, 9200, 9280, 9361, 9460, 9571, 9710, 9870, 10070, 10300, 10600, 11061, 11960, 89062, 2918843]
                 avg          P99       P99.99         P100
Read         1.82μs      3.67μs      8.91μs       2.86ms
Write         7.70μs     11.97μs     67.05μs       2.92ms

=== bench_out20.dat ===
Monster: conflicts=61683, sync_failures=2041435, empty_requests=0, try_overtime=692425, check_overtime=451491, replicate_overtime=897519
Ops: 2010000  Time: 10.27s  Throughput: 195691.57 ops/sec
Dirty reads: 0 / 1006526 (0.000%)
read_lats: vec100: [1060, 1480, 1480, 1490, 1490, 1490, 1490, 1490, 1491, 1500, 1500, 1500, 1500, 1500, 1501, 1510, 1510, 1510, 1510, 1520, 1520, 1520, 1520, 1530, 1530, 1531, 1540, 1540, 1550, 1550, 1560, 1560, 1570, 1580, 1580, 1590, 1590, 1600, 1610, 1610, 1620, 1630, 1630, 1640, 1650, 1650, 1660, 1670, 1670, 1680, 1690, 1690, 1700, 1710, 1711, 1720, 1730, 1740, 1740, 1750, 1760, 1770, 1770, 1780, 1790, 1800, 1810, 1820, 1830, 1840, 1850, 1860, 1870, 1880, 1890, 1900, 1911, 1930, 1940, 1960, 1980, 1991, 2010, 2030, 2060, 2080, 2110, 2130, 2160, 2200, 2240, 2280, 2330, 2381, 2450, 2540, 2660, 2821, 3110, 3661, 11840, 5910658]
write_lats: vec100: [4490, 5100, 5250, 5370, 5480, 5580, 5680, 5770, 5850, 5930, 6010, 6080, 6140, 6200, 6260, 6310, 6360, 6410, 6460, 6501, 6550, 6591, 6640, 6680, 6721, 6770, 6810, 6850, 6890, 6930, 6970, 7010, 7041, 7080, 7120, 7151, 7190, 7230, 7261, 7300, 7331, 7370, 7400, 7440, 7470, 7510, 7540, 7580, 7610, 7650, 7680, 7720, 7751, 7790, 7830, 7861, 7901, 7940, 7980, 8020, 8060, 8101, 8141, 8190, 8230, 8271, 8320, 8360, 8401, 8450, 8490, 8531, 8580, 8620, 8661, 8710, 8751, 8800, 8850, 8890, 8940, 8990, 9041, 9100, 9160, 9220, 9290, 9370, 9460, 9560, 9680, 9820, 9980, 10170, 10400, 10720, 11260, 12551, 16120, 20221, 139244, 7070858]
                 avg          P99       P99.99         P100
Read         1.82μs      3.67μs      9.01μs       5.91ms
Write         8.22μs     20.28μs    119.30μs       7.07ms

=== bench_out21.dat ===
Monster: conflicts=65559, sync_failures=2020325, empty_requests=0, try_overtime=682763, check_overtime=440540, replicate_overtime=897022
Ops: 2010000  Time: 10.26s  Throughput: 195982.01 ops/sec
Dirty reads: 0 / 1005851 (0.000%)
read_lats: vec100: [1020, 1480, 1480, 1490, 1490, 1490, 1490, 1490, 1500, 1500, 1500, 1500, 1500, 1500, 1510, 1510, 1510, 1510, 1510, 1520, 1520, 1520, 1520, 1530, 1530, 1540, 1540, 1541, 1550, 1551, 1560, 1570, 1570, 1580, 1580, 1590, 1591, 1600, 1610, 1610, 1620, 1630, 1630, 1640, 1650, 1650, 1660, 1670, 1670, 1680, 1690, 1690, 1700, 1710, 1720, 1720, 1730, 1740, 1741, 1750, 1760, 1770, 1780, 1780, 1790, 1800, 1810, 1820, 1830, 1840, 1850, 1860, 1870, 1880, 1890, 1900, 1911, 1930, 1940, 1960, 1980, 1990, 2010, 2030, 2060, 2080, 2110, 2130, 2170, 2200, 2240, 2280, 2330, 2390, 2451, 2540, 2651, 2830, 3110, 3660, 9990, 6648747]
write_lats: vec100: [4480, 5080, 5230, 5341, 5450, 5541, 5640, 5720, 5800, 5880, 5950, 6020, 6090, 6150, 6201, 6260, 6310, 6360, 6410, 6451, 6500, 6541, 6590, 6630, 6670, 6711, 6751, 6791, 6840, 6880, 6920, 6951, 6990, 7030, 7070, 7101, 7140, 7180, 7210, 7250, 7280, 7320, 7350, 7390, 7420, 7460, 7490, 7530, 7560, 7600, 7630, 7670, 7700, 7740, 7771, 7810, 7850, 7890, 7930, 7970, 8010, 8050, 8090, 8131, 8180, 8220, 8270, 8310, 8360, 8400, 8450, 8490, 8540, 8580, 8630, 8670, 8720, 8770, 8811, 8860, 8910, 8960, 9011, 9070, 9130, 9200, 9261, 9341, 9430, 9540, 9660, 9810, 9970, 10170, 10420, 10760, 11380, 13050, 16660, 20980, 168905, 7102299]
                 avg          P99       P99.99         P100
Read         1.85μs      3.66μs      8.80μs       6.65ms
Write         8.18μs     21.02μs    121.61μs       7.10ms

=== bench_out22.dat ===
Monster: conflicts=71486, sync_failures=2008933, empty_requests=0, try_overtime=688516, check_overtime=431702, replicate_overtime=888715
Ops: 2010000  Time: 10.28s  Throughput: 195588.85 ops/sec
Dirty reads: 0 / 1005115 (0.000%)
read_lats: vec100: [1040, 1480, 1480, 1490, 1490, 1490, 1490, 1500, 1500, 1500, 1500, 1500, 1500, 1510, 1510, 1510, 1510, 1510, 1511, 1520, 1520, 1520, 1530, 1530, 1530, 1540, 1540, 1550, 1550, 1560, 1560, 1570, 1570, 1580, 1580, 1590, 1600, 1600, 1610, 1620, 1620, 1630, 1640, 1640, 1650, 1651, 1660, 1670, 1671, 1680, 1690, 1700, 1700, 1710, 1720, 1721, 1730, 1740, 1750, 1750, 1760, 1770, 1780, 1781, 1790, 1800, 1810, 1820, 1830, 1840, 1850, 1860, 1870, 1880, 1890, 1900, 1920, 1930, 1950, 1960, 1980, 2000, 2020, 2040, 2060, 2080, 2110, 2130, 2170, 2200, 2240, 2280, 2330, 2390, 2450, 2540, 2650, 2820, 3100, 3650, 21881, 6068942]
write_lats: vec100: [4540, 5080, 5230, 5350, 5450, 5550, 5640, 5720, 5800, 5880, 5950, 6020, 6090, 6150, 6200, 6260, 6310, 6360, 6401, 6450, 6491, 6540, 6580, 6621, 6670, 6710, 6750, 6790, 6830, 6870, 6910, 6941, 6980, 7020, 7060, 7090, 7130, 7161, 7200, 7231, 7270, 7300, 7340, 7370, 7401, 7440, 7470, 7510, 7540, 7580, 7610, 7641, 7680, 7711, 7750, 7790, 7821, 7860, 7900, 7940, 7980, 8020, 8060, 8101, 8150, 8190, 8240, 8280, 8330, 8370, 8420, 8461, 8510, 8560, 8600, 8650, 8691, 8740, 8790, 8840, 8890, 8940, 9000, 9051, 9111, 9180, 9250, 9330, 9420, 9521, 9650, 9800, 9970, 10180, 10430, 10790, 11480, 13490, 16810, 21630, 135024, 7138290]
                 avg          P99       P99.99         P100
Read         1.82μs      3.65μs      9.13μs       6.07ms
Write         8.22μs     21.74μs    125.17μs       7.14ms

=== bench_out23.dat ===
Monster: conflicts=74935, sync_failures=2011940, empty_requests=0, try_overtime=689686, check_overtime=432361, replicate_overtime=889893
Ops: 2010000  Time: 10.31s  Throughput: 194884.42 ops/sec
Dirty reads: 0 / 1006158 (0.000%)
read_lats: vec100: [1110, 1500, 1500, 1510, 1510, 1510, 1510, 1520, 1520, 1520, 1520, 1520, 1521, 1530, 1530, 1530, 1530, 1530, 1540, 1540, 1540, 1540, 1550, 1550, 1550, 1560, 1560, 1570, 1570, 1580, 1580, 1590, 1590, 1600, 1600, 1610, 1611, 1620, 1630, 1630, 1640, 1650, 1650, 1660, 1670, 1670, 1680, 1690, 1690, 1700, 1710, 1710, 1720, 1730, 1740, 1740, 1750, 1760, 1770, 1770, 1780, 1790, 1800, 1800, 1810, 1820, 1830, 1840, 1850, 1860, 1870, 1880, 1890, 1900, 1910, 1920, 1931, 1950, 1960, 1980, 2000, 2011, 2030, 2050, 2080, 2100, 2130, 2151, 2190, 2220, 2260, 2300, 2350, 2410, 2480, 2560, 2680, 2850, 3130, 3700, 9990, 7073747]
write_lats: vec100: [4471, 5080, 5220, 5340, 5441, 5540, 5630, 5720, 5800, 5880, 5950, 6020, 6080, 6140, 6200, 6250, 6310, 6351, 6400, 6450, 6490, 6531, 6580, 6620, 6660, 6701, 6741, 6781, 6830, 6861, 6900, 6940, 6980, 7020, 7051, 7090, 7130, 7160, 7200, 7231, 7270, 7300, 7340, 7370, 7410, 7440, 7471, 7510, 7540, 7580, 7610, 7650, 7680, 7720, 7751, 7790, 7830, 7870, 7910, 7950, 7990, 8030, 8070, 8111, 8160, 8200, 8250, 8290, 8340, 8381, 8430, 8471, 8520, 8570, 8610, 8660, 8701, 8750, 8800, 8850, 8900, 8950, 9010, 9061, 9121, 9190, 9260, 9340, 9430, 9540, 9670, 9820, 10000, 10211, 10471, 10870, 11631, 14041, 17121, 22281, 209875, 6986725]
                 avg          P99       P99.99         P100
Read         1.86μs      3.70μs      9.21μs       7.07ms
Write         8.23μs     22.34μs    132.19μs       6.99ms

=== bench_out24.dat ===
Monster: conflicts=77131, sync_failures=2067249, empty_requests=0, try_overtime=708070, check_overtime=464652, replicate_overtime=894527
Ops: 2010000  Time: 10.42s  Throughput: 192818.80 ops/sec
Dirty reads: 0 / 1005511 (0.000%)
read_lats: vec100: [1040, 1480, 1490, 1490, 1490, 1490, 1500, 1500, 1500, 1500, 1500, 1500, 1510, 1510, 1510, 1510, 1510, 1511, 1520, 1520, 1520, 1530, 1530, 1530, 1540, 1540, 1540, 1550, 1550, 1560, 1560, 1570, 1580, 1580, 1590, 1590, 1600, 1610, 1610, 1620, 1630, 1630, 1640, 1641, 1650, 1660, 1661, 1670, 1680, 1690, 1690, 1700, 1710, 1710, 1720, 1730, 1740, 1740, 1750, 1760, 1770, 1770, 1780, 1790, 1800, 1810, 1810, 1820, 1830, 1840, 1850, 1860, 1870, 1880, 1900, 1910, 1920, 1940, 1950, 1970, 1981, 2000, 2020, 2040, 2070, 2090, 2120, 2140, 2180, 2210, 2250, 2290, 2340, 2400, 2470, 2560, 2670, 2850, 3130, 3680, 26040, 7026296]
write_lats: vec100: [4540, 5101, 5260, 5381, 5500, 5600, 5700, 5790, 5870, 5951, 6030, 6100, 6160, 6221, 6280, 6340, 6390, 6440, 6481, 6530, 6580, 6620, 6661, 6710, 6750, 6790, 6830, 6871, 6911, 6951, 6991, 7031, 7071, 7110, 7150, 7181, 7220, 7260, 7290, 7330, 7361, 7400, 7430, 7470, 7501, 7540, 7571, 7610, 7641, 7680, 7711, 7750, 7790, 7821, 7860, 7900, 7940, 7980, 8020, 8060, 8100, 8140, 8181, 8230, 8270, 8311, 8360, 8400, 8441, 8490, 8530, 8571, 8620, 8660, 8701, 8750, 8790, 8840, 8881, 8930, 8980, 9031, 9090, 9150, 9210, 9280, 9351, 9440, 9540, 9650, 9790, 9940, 10120, 10340, 10610, 11041, 11840, 14340, 17470, 22771, 140913, 8291749]
                 avg          P99       P99.99         P100
Read         1.84μs      3.68μs      9.16μs       7.03ms
Write         8.34μs     22.90μs    130.43μs       8.29ms

=== bench_out25.dat ===
Monster: conflicts=79740, sync_failures=2121954, empty_requests=0, try_overtime=725922, check_overtime=491423, replicate_overtime=904609
Ops: 2010000  Time: 10.53s  Throughput: 190909.87 ops/sec
Dirty reads: 0 / 1003782 (0.000%)
read_lats: vec100: [1060, 1480, 1490, 1490, 1490, 1490, 1500, 1500, 1500, 1500, 1500, 1500, 1510, 1510, 1510, 1510, 1510, 1520, 1520, 1520, 1520, 1530, 1530, 1530, 1540, 1540, 1550, 1550, 1560, 1560, 1570, 1570, 1580, 1580, 1590, 1600, 1600, 1610, 1610, 1620, 1630, 1630, 1640, 1650, 1650, 1660, 1670, 1670, 1680, 1690, 1690, 1700, 1710, 1720, 1720, 1730, 1740, 1750, 1750, 1760, 1770, 1780, 1780, 1790, 1800, 1810, 1820, 1830, 1840, 1850, 1860, 1870, 1880, 1890, 1900, 1910, 1930, 1940, 1960, 1980, 1990, 2010, 2030, 2050, 2080, 2100, 2130, 2160, 2190, 2230, 2270, 2310, 2360, 2420, 2490, 2581, 2710, 2890, 3170, 3710, 9650, 8393911]
write_lats: vec100: [4540, 5130, 5291, 5421, 5540, 5650, 5751, 5850, 5940, 6020, 6100, 6170, 6231, 6291, 6350, 6401, 6460, 6510, 6560, 6600, 6650, 6700, 6740, 6781, 6830, 6870, 6910, 6951, 7000, 7040, 7080, 7120, 7151, 7190, 7230, 7270, 7301, 7340, 7380, 7410, 7450, 7480, 7520, 7550, 7590, 7621, 7660, 7700, 7730, 7770, 7801, 7840, 7880, 7920, 7960, 8000, 8040, 8080, 8120, 8160, 8200, 8240, 8280, 8320, 8361, 8410, 8450, 8490, 8530, 8570, 8611, 8651, 8700, 8740, 8780, 8820, 8861, 8910, 8951, 9000, 9050, 9101, 9160, 9220, 9280, 9350, 9430, 9520, 9630, 9750, 9880, 10040, 10211, 10430, 10710, 11170, 12021, 14640, 17621, 23081, 290257, 7182561]
                 avg          P99       P99.99         P100
Read         1.86μs      3.72μs      8.93μs       8.39ms
Write         8.41μs     23.11μs    129.82μs       7.18ms

=== bench_out26.dat ===
Monster: conflicts=87803, sync_failures=2032199, empty_requests=0, try_overtime=702834, check_overtime=447183, replicate_overtime=882182
Ops: 2010000  Time: 10.42s  Throughput: 192843.45 ops/sec
Dirty reads: 0 / 1005537 (0.000%)
read_lats: vec100: [1060, 1480, 1490, 1491, 1500, 1500, 1500, 1500, 1500, 1510, 1510, 1510, 1510, 1510, 1510, 1520, 1520, 1520, 1520, 1521, 1530, 1530, 1530, 1540, 1540, 1540, 1550, 1550, 1560, 1560, 1570, 1570, 1580, 1590, 1590, 1600, 1600, 1610, 1620, 1620, 1630, 1640, 1640, 1650, 1660, 1660, 1670, 1680, 1680, 1690, 1700, 1700, 1710, 1720, 1730, 1730, 1740, 1750, 1760, 1760, 1770, 1780, 1790, 1790, 1800, 1810, 1820, 1830, 1840, 1850, 1860, 1870, 1880, 1890, 1900, 1910, 1930, 1940, 1960, 1970, 1990, 2010, 2030, 2050, 2070, 2090, 2120, 2150, 2180, 2210, 2250, 2300, 2350, 2410, 2480, 2560, 2680, 2851, 3140, 3700, 11050, 6046731]
write_lats: vec100: [4530, 5090, 5230, 5351, 5460, 5560, 5650, 5740, 5820, 5900, 5971, 6040, 6110, 6170, 6221, 6280, 6330, 6380, 6421, 6470, 6520, 6560, 6600, 6650, 6690, 6730, 6770, 6810, 6850, 6890, 6930, 6970, 7010, 7041, 7080, 7120, 7160, 7190, 7230, 7260, 7300, 7330, 7370, 7400, 7440, 7470, 7501, 7540, 7571, 7610, 7641, 7680, 7720, 7750, 7790, 7830, 7861, 7900, 7940, 7980, 8021, 8070, 8110, 8150, 8200, 8240, 8290, 8330, 8380, 8421, 8470, 8520, 8560, 8610, 8650, 8700, 8741, 8790, 8840, 8890, 8940, 9000, 9050, 9110, 9171, 9240, 9320, 9410, 9510, 9630, 9771, 9931, 10130, 10361, 10671, 11201, 12391, 15380, 18021, 24651, 182204, 8380611]
                 avg          P99       P99.99         P100
Read         1.84μs      3.70μs      8.79μs       6.05ms
Write         8.34μs     24.74μs    137.62μs       8.38ms

=== bench_out27.dat ===
Monster: conflicts=91562, sync_failures=2073003, empty_requests=0, try_overtime=723887, check_overtime=449677, replicate_overtime=899439
Ops: 2010000  Time: 10.53s  Throughput: 190908.48 ops/sec
Dirty reads: 0 / 1004661 (0.000%)
read_lats: vec100: [1091, 1480, 1490, 1490, 1490, 1500, 1500, 1500, 1500, 1500, 1501, 1510, 1510, 1510, 1510, 1510, 1520, 1520, 1520, 1520, 1530, 1530, 1530, 1540, 1540, 1540, 1550, 1550, 1560, 1560, 1570, 1570, 1580, 1590, 1590, 1600, 1600, 1610, 1620, 1620, 1630, 1640, 1640, 1650, 1660, 1660, 1670, 1680, 1680, 1690, 1700, 1701, 1710, 1720, 1730, 1730, 1740, 1750, 1760, 1760, 1770, 1780, 1790, 1790, 1800, 1810, 1820, 1830, 1840, 1850, 1860, 1870, 1880, 1890, 1900, 1920, 1930, 1950, 1960, 1980, 1991, 2010, 2030, 2051, 2080, 2100, 2130, 2160, 2190, 2230, 2270, 2310, 2360, 2420, 2490, 2580, 2700, 2880, 3160, 3700, 9590, 31181]
write_lats: vec100: [4540, 5130, 5290, 5411, 5530, 5630, 5730, 5820, 5900, 5980, 6051, 6120, 6181, 6250, 6300, 6360, 6410, 6451, 6500, 6550, 6591, 6640, 6680, 6721, 6770, 6810, 6850, 6890, 6930, 6970, 7010, 7040, 7080, 7120, 7151, 7190, 7230, 7260, 7300, 7330, 7360, 7400, 7430, 7470, 7500, 7531, 7570, 7600, 7640, 7670, 7710, 7741, 7780, 7820, 7851, 7890, 7930, 7970, 8010, 8051, 8100, 8140, 8180, 8230, 8270, 8320, 8360, 8410, 8450, 8500, 8540, 8581, 8630, 8671, 8720, 8761, 8810, 8860, 8901, 8951, 9010, 9060, 9120, 9180, 9240, 9311, 9400, 9490, 9591, 9720, 9861, 10030, 10221, 10460, 10790, 11371, 12701, 15690, 18271, 25401, 227645, 8270128]
                 avg          P99       P99.99         P100
Read         1.82μs      3.70μs      8.75μs     31.18μs
Write         8.44μs     25.46μs    131.82μs       8.27ms

=== bench_out28.dat ===
Monster: conflicts=93460, sync_failures=2130170, empty_requests=0, try_overtime=729058, check_overtime=499111, replicate_overtime=902001
Ops: 2010000  Time: 10.52s  Throughput: 191006.77 ops/sec
Dirty reads: 0 / 1005037 (0.000%)
read_lats: vec100: [1070, 1480, 1490, 1490, 1490, 1500, 1500, 1500, 1500, 1500, 1510, 1510, 1510, 1510, 1510, 1510, 1520, 1520, 1520, 1520, 1521, 1530, 1530, 1530, 1540, 1540, 1550, 1550, 1551, 1560, 1561, 1570, 1580, 1580, 1590, 1590, 1600, 1600, 1610, 1620, 1620, 1630, 1640, 1640, 1650, 1660, 1660, 1670, 1680, 1680, 1690, 1700, 1710, 1710, 1720, 1730, 1730, 1740, 1750, 1760, 1760, 1770, 1780, 1790, 1800, 1800, 1810, 1820, 1830, 1840, 1850, 1860, 1870, 1880, 1890, 1910, 1920, 1930, 1950, 1960, 1980, 2000, 2020, 2040, 2060, 2081, 2110, 2140, 2170, 2200, 2240, 2280, 2330, 2390, 2460, 2540, 2651, 2820, 3100, 3650, 25091, 3404966]
write_lats: vec100: [4550, 5120, 5281, 5420, 5540, 5641, 5750, 5840, 5930, 6010, 6090, 6160, 6221, 6290, 6341, 6400, 6450, 6500, 6550, 6600, 6641, 6690, 6740, 6780, 6830, 6870, 6910, 6960, 7000, 7040, 7080, 7120, 7160, 7200, 7230, 7270, 7310, 7341, 7380, 7420, 7450, 7490, 7521, 7560, 7600, 7630, 7670, 7700, 7740, 7780, 7811, 7850, 7890, 7930, 7961, 8000, 8040, 8081, 8121, 8161, 8210, 8250, 8290, 8330, 8371, 8420, 8460, 8500, 8540, 8581, 8621, 8670, 8710, 8750, 8790, 8830, 8871, 8920, 8961, 9010, 9060, 9110, 9170, 9230, 9290, 9360, 9440, 9530, 9631, 9760, 9891, 10051, 10240, 10470, 10800, 11360, 12770, 15981, 18511, 25901, 157224, 5622121]
                 avg          P99       P99.99         P100
Read         1.82μs      3.65μs     12.05μs       3.40ms
Write         8.46μs     25.97μs    131.63μs       5.62ms

=== bench_out29.dat ===
Monster: conflicts=102138, sync_failures=2045851, empty_requests=0, try_overtime=707548, check_overtime=453136, replicate_overtime=885167
Ops: 2010000  Time: 10.46s  Throughput: 192177.67 ops/sec
Dirty reads: 0 / 1004906 (0.000%)
read_lats: vec100: [1050, 1480, 1490, 1490, 1500, 1500, 1500, 1500, 1500, 1500, 1510, 1510, 1510, 1510, 1510, 1510, 1520, 1520, 1520, 1520, 1530, 1530, 1530, 1530, 1540, 1540, 1550, 1550, 1560, 1560, 1570, 1570, 1580, 1580, 1590, 1590, 1600, 1610, 1610, 1620, 1620, 1630, 1640, 1640, 1650, 1660, 1660, 1670, 1680, 1680, 1690, 1700, 1710, 1710, 1720, 1730, 1740, 1740, 1750, 1760, 1770, 1770, 1780, 1790, 1800, 1801, 1810, 1820, 1830, 1840, 1850, 1860, 1870, 1880, 1890, 1910, 1920, 1940, 1950, 1970, 1980, 2000, 2020, 2040, 2060, 2090, 2110, 2140, 2170, 2201, 2240, 2290, 2340, 2390, 2460, 2550, 2660, 2830, 3120, 3660, 31321, 8337449]
write_lats: vec100: [4510, 5080, 5220, 5340, 5450, 5550, 5640, 5730, 5810, 5890, 5960, 6030, 6100, 6160, 6210, 6270, 6320, 6370, 6420, 6470, 6510, 6560, 6600, 6640, 6681, 6730, 6770, 6810, 6850, 6890, 6930, 6970, 7010, 7050, 7081, 7120, 7160, 7191, 7230, 7270, 7300, 7340, 7370, 7410, 7440, 7471, 7510, 7541, 7580, 7611, 7650, 7690, 7721, 7760, 7800, 7831, 7871, 7910, 7950, 7991, 8040, 8080, 8120, 8161, 8210, 8251, 8300, 8350, 8390, 8440, 8481, 8530, 8571, 8620, 8670, 8710, 8760, 8810, 8860, 8901, 8960, 9010, 9070, 9130, 9190, 9260, 9340, 9430, 9540, 9661, 9810, 9980, 10181, 10431, 10790, 11490, 13420, 16290, 18831, 27071, 136773, 7129629]
                 avg          P99       P99.99         P100
Read         1.83μs      3.66μs      8.80μs       8.34ms
Write         8.40μs     27.16μs    134.59μs       7.13ms

=== bench_out2.dat ===
Monster: conflicts=5539, sync_failures=1938790, empty_requests=0, try_overtime=652370, check_overtime=372527, replicate_overtime=913893
Ops: 2010000  Time: 9.76s  Throughput: 206020.80 ops/sec
Dirty reads: 0 / 1005123 (0.000%)
read_lats: vec100: [1060, 1490, 1490, 1500, 1500, 1500, 1500, 1500, 1510, 1510, 1510, 1510, 1510, 1510, 1511, 1520, 1520, 1520, 1520, 1520, 1530, 1530, 1530, 1530, 1540, 1540, 1540, 1550, 1550, 1560, 1560, 1570, 1570, 1580, 1580, 1590, 1600, 1600, 1610, 1620, 1620, 1630, 1640, 1640, 1650, 1660, 1660, 1670, 1680, 1680, 1690, 1700, 1710, 1710, 1720, 1730, 1731, 1740, 1750, 1760, 1761, 1770, 1780, 1790, 1800, 1800, 1810, 1820, 1830, 1840, 1850, 1860, 1870, 1880, 1890, 1910, 1920, 1930, 1950, 1970, 1980, 2000, 2020, 2040, 2060, 2090, 2110, 2140, 2170, 2210, 2240, 2290, 2340, 2391, 2460, 2550, 2660, 2840, 3120, 3670, 16651, 3081437]
write_lats: vec100: [4560, 5070, 5210, 5330, 5421, 5520, 5610, 5690, 5770, 5840, 5910, 5980, 6040, 6100, 6160, 6210, 6260, 6310, 6351, 6400, 6440, 6481, 6530, 6570, 6610, 6650, 6681, 6720, 6760, 6800, 6840, 6871, 6910, 6950, 6980, 7020, 7050, 7090, 7120, 7160, 7190, 7220, 7260, 7290, 7320, 7351, 7390, 7420, 7450, 7480, 7511, 7550, 7580, 7611, 7650, 7680, 7720, 7750, 7790, 7820, 7860, 7900, 7940, 7980, 8020, 8060, 8100, 8140, 8190, 8230, 8280, 8321, 8370, 8420, 8460, 8510, 8560, 8601, 8650, 8700, 8750, 8800, 8850, 8901, 8960, 9020, 9080, 9141, 9211, 9290, 9380, 9480, 9600, 9740, 9900, 10091, 10331, 10641, 11141, 12150, 78972, 3003986]
                 avg          P99       P99.99         P100
Read         1.82μs      3.67μs      9.12μs       3.08ms
Write         7.73μs     12.16μs     66.34μs       3.00ms

=== bench_out30.dat ===
Monster: conflicts=106381, sync_failures=2099741, empty_requests=0, try_overtime=727251, check_overtime=483020, replicate_overtime=889470
Ops: 2010000  Time: 10.56s  Throughput: 190295.93 ops/sec
Dirty reads: 0 / 1003843 (0.000%)
read_lats: vec100: [1050, 1480, 1490, 1490, 1500, 1500, 1500, 1500, 1500, 1510, 1510, 1510, 1510, 1510, 1510, 1520, 1520, 1520, 1520, 1520, 1530, 1530, 1530, 1540, 1540, 1540, 1550, 1550, 1560, 1560, 1570, 1570, 1580, 1580, 1590, 1590, 1600, 1610, 1610, 1620, 1630, 1630, 1640, 1641, 1650, 1660, 1661, 1670, 1680, 1690, 1690, 1700, 1710, 1710, 1720, 1730, 1740, 1740, 1750, 1760, 1770, 1770, 1780, 1790, 1800, 1810, 1810, 1820, 1830, 1840, 1850, 1860, 1870, 1880, 1890, 1910, 1920, 1930, 1950, 1961, 1980, 2000, 2020, 2040, 2060, 2090, 2110, 2140, 2170, 2200, 2240, 2280, 2330, 2390, 2460, 2540, 2651, 2820, 3100, 3640, 10340, 6615517]
write_lats: vec100: [4540, 5100, 5260, 5380, 5490, 5600, 5691, 5790, 5870, 5950, 6030, 6100, 6170, 6230, 6290, 6340, 6391, 6441, 6491, 6540, 6590, 6631, 6680, 6720, 6770, 6810, 6850, 6890, 6931, 6971, 7011, 7050, 7090, 7130, 7170, 7210, 7240, 7280, 7320, 7350, 7390, 7420, 7460, 7491, 7530, 7570, 7600, 7640, 7670, 7710, 7741, 7780, 7820, 7860, 7900, 7931, 7971, 8011, 8060, 8100, 8140, 8180, 8221, 8270, 8310, 8351, 8400, 8440, 8490, 8530, 8571, 8620, 8660, 8700, 8750, 8790, 8831, 8880, 8930, 8980, 9030, 9080, 9140, 9200, 9261, 9340, 9420, 9510, 9620, 9750, 9900, 10071, 10280, 10521, 10910, 11610, 13770, 16581, 19131, 27571, 172005, 7110808]
                 avg          P99       P99.99         P100
Read         1.82μs      3.64μs      8.83μs       6.62ms
Write         8.50μs     27.63μs    142.56μs       7.11ms

=== bench_out31.dat ===
Monster: conflicts=111257, sync_failures=2053801, empty_requests=0, try_overtime=714417, check_overtime=457157, replicate_overtime=882227
Ops: 2010000  Time: 10.51s  Throughput: 191229.85 ops/sec
Dirty reads: 0 / 1006042 (0.000%)
read_lats: vec100: [1090, 1480, 1490, 1490, 1500, 1500, 1500, 1500, 1500, 1510, 1510, 1510, 1510, 1510, 1510, 1511, 1520, 1520, 1520, 1520, 1530, 1530, 1530, 1540, 1540, 1540, 1550, 1550, 1560, 1560, 1570, 1570, 1580, 1580, 1590, 1590, 1600, 1610, 1610, 1620, 1621, 1630, 1640, 1640, 1650, 1660, 1660, 1670, 1680, 1690, 1690, 1700, 1710, 1710, 1720, 1730, 1740, 1740, 1750, 1760, 1770, 1770, 1780, 1790, 1800, 1801, 1810, 1820, 1830, 1840, 1850, 1860, 1870, 1880, 1891, 1910, 1920, 1930, 1950, 1970, 1980, 2000, 2020, 2040, 2060, 2090, 2110, 2140, 2170, 2200, 2240, 2280, 2330, 2390, 2460, 2540, 2660, 2830, 3110, 3650, 10580, 36891]
write_lats: vec100: [4520, 5080, 5230, 5350, 5451, 5551, 5650, 5740, 5820, 5900, 5970, 6040, 6100, 6160, 6220, 6280, 6330, 6380, 6421, 6470, 6520, 6560, 6601, 6650, 6690, 6730, 6771, 6820, 6860, 6900, 6940, 6980, 7020, 7051, 7090, 7130, 7170, 7201, 7240, 7280, 7310, 7350, 7380, 7420, 7450, 7490, 7520, 7560, 7590, 7630, 7660, 7700, 7731, 7770, 7810, 7850, 7890, 7930, 7970, 8010, 8050, 8090, 8130, 8180, 8220, 8270, 8310, 8360, 8401, 8450, 8491, 8540, 8590, 8630, 8680, 8720, 8770, 8820, 8870, 8920, 8970, 9020, 9080, 9140, 9210, 9280, 9360, 9450, 9560, 9690, 9840, 10020, 10231, 10501, 10921, 11760, 14320, 16730, 19281, 27991, 168164, 8301118]
                 avg          P99       P99.99         P100
Read         1.81μs      3.66μs      9.02μs     36.89μs
Write         8.47μs     28.05μs    139.96μs       8.30ms

=== bench_out32.dat ===
Monster: conflicts=115514, sync_failures=2116488, empty_requests=0, try_overtime=735880, check_overtime=492814, replicate_overtime=887794
Ops: 2010000  Time: 10.66s  Throughput: 188587.11 ops/sec
Dirty reads: 0 / 1005197 (0.000%)
read_lats: vec100: [1040, 1490, 1490, 1500, 1500, 1500, 1500, 1500, 1510, 1510, 1510, 1510, 1510, 1510, 1520, 1520, 1520, 1520, 1520, 1530, 1530, 1530, 1530, 1540, 1540, 1550, 1550, 1550, 1560, 1560, 1570, 1570, 1580, 1581, 1590, 1600, 1600, 1610, 1611, 1620, 1630, 1630, 1640, 1650, 1650, 1660, 1670, 1671, 1680, 1690, 1700, 1700, 1710, 1720, 1721, 1730, 1740, 1750, 1750, 1760, 1770, 1780, 1780, 1790, 1800, 1810, 1820, 1830, 1840, 1850, 1860, 1870, 1880, 1890, 1900, 1910, 1921, 1940, 1950, 1970, 1990, 2010, 2030, 2050, 2070, 2090, 2120, 2150, 2180, 2210, 2250, 2291, 2340, 2400, 2470, 2560, 2670, 2840, 3130, 3680, 9080, 6154885]
write_lats: vec100: [4460, 5101, 5270, 5400, 5510, 5620, 5720, 5810, 5900, 5980, 6050, 6120, 6190, 6250, 6310, 6361, 6420, 6470, 6520, 6561, 6610, 6660, 6700, 6750, 6790, 6831, 6880, 6920, 6960, 7000, 7040, 7080, 7120, 7160, 7200, 7230, 7270, 7310, 7340, 7380, 7411, 7450, 7490, 7520, 7560, 7590, 7630, 7661, 7700, 7740, 7780, 7810, 7850, 7890, 7930, 7970, 8001, 8041, 8090, 8130, 8170, 8210, 8251, 8300, 8340, 8381, 8430, 8470, 8511, 8560, 8600, 8641, 8690, 8730, 8770, 8820, 8860, 8910, 8950, 9000, 9050, 9110, 9161, 9221, 9291, 9370, 9451, 9551, 9670, 9801, 9960, 10140, 10360, 10630, 11091, 11991, 14651, 17001, 19631, 28810, 6823962, 8439362]
                 avg          P99       P99.99         P100
Read         1.83μs      3.68μs      9.00μs       6.15ms
Write         8.59μs     28.81μs    140.78μs       8.44ms

=== bench_out33.dat ===
Monster: conflicts=123476, sync_failures=2070506, empty_requests=0, try_overtime=724366, check_overtime=467460, replicate_overtime=878680
Ops: 2010000  Time: 10.62s  Throughput: 189262.64 ops/sec
Dirty reads: 0 / 1005309 (0.000%)
read_lats: vec100: [1050, 1490, 1490, 1500, 1500, 1500, 1500, 1500, 1510, 1510, 1510, 1510, 1510, 1510, 1520, 1520, 1520, 1520, 1520, 1530, 1530, 1530, 1530, 1540, 1540, 1550, 1550, 1550, 1560, 1560, 1570, 1570, 1580, 1581, 1590, 1600, 1600, 1610, 1620, 1620, 1630, 1630, 1640, 1650, 1650, 1660, 1670, 1670, 1680, 1690, 1700, 1700, 1710, 1720, 1720, 1730, 1740, 1750, 1750, 1760, 1770, 1780, 1780, 1790, 1800, 1810, 1820, 1830, 1840, 1850, 1851, 1861, 1880, 1890, 1900, 1910, 1920, 1940, 1950, 1970, 1990, 2001, 2020, 2041, 2070, 2090, 2120, 2150, 2180, 2210, 2250, 2290, 2340, 2400, 2470, 2550, 2670, 2840, 3130, 3680, 21381, 8403431]
write_lats: vec100: [4470, 5080, 5230, 5350, 5460, 5560, 5650, 5740, 5830, 5901, 5980, 6050, 6111, 6171, 6230, 6290, 6340, 6390, 6440, 6490, 6530, 6580, 6620, 6670, 6710, 6750, 6790, 6830, 6871, 6911, 6951, 6991, 7030, 7070, 7110, 7150, 7180, 7220, 7251, 7290, 7330, 7360, 7400, 7430, 7461, 7500, 7531, 7570, 7601, 7640, 7680, 7710, 7750, 7790, 7821, 7861, 7900, 7940, 7981, 8021, 8070, 8110, 8151, 8200, 8240, 8290, 8331, 8380, 8430, 8470, 8520, 8561, 8610, 8660, 8700, 8750, 8791, 8840, 8890, 8940, 8991, 9050, 9110, 9170, 9240, 9310, 9400, 9491, 9610, 9750, 9910, 10100, 10321, 10620, 11130, 12260, 15021, 17170, 19991, 29611, 155504, 7194260]
                 avg          P99       P99.99         P100
Read         1.83μs      3.68μs      8.81μs       8.40ms
Write         8.56μs     29.75μs    151.18μs       7.19ms

=== bench_out34.dat ===
Monster: conflicts=128297, sync_failures=2084446, empty_requests=0, try_overtime=733535, check_overtime=473556, replicate_overtime=877355
Ops: 2010000  Time: 10.70s  Throughput: 187867.87 ops/sec
Dirty reads: 0 / 1004388 (0.000%)
read_lats: vec100: [980, 1490, 1500, 1500, 1500, 1500, 1500, 1510, 1510, 1510, 1510, 1510, 1510, 1520, 1520, 1520, 1520, 1520, 1530, 1530, 1530, 1530, 1540, 1540, 1540, 1550, 1550, 1560, 1560, 1570, 1570, 1580, 1580, 1590, 1590, 1600, 1610, 1610, 1620, 1620, 1630, 1640, 1640, 1650, 1660, 1660, 1670, 1680, 1680, 1690, 1700, 1710, 1710, 1720, 1730, 1740, 1740, 1750, 1760, 1760, 1770, 1780, 1790, 1791, 1800, 1810, 1820, 1830, 1840, 1850, 1860, 1870, 1880, 1890, 1900, 1920, 1930, 1940, 1960, 1971, 1990, 2010, 2030, 2050, 2070, 2100, 2120, 2150, 2180, 2220, 2260, 2300, 2350, 2410, 2480, 2570, 2680, 2851, 3140, 3670, 9170, 37041]
write_lats: vec100: [4480, 5080, 5230, 5360, 5470, 5570, 5661, 5750, 5840, 5920, 5990, 6060, 6130, 6190, 6250, 6301, 6360, 6410, 6460, 6500, 6550, 6591, 6640, 6680, 6730, 6770, 6810, 6850, 6890, 6931, 6971, 7011, 7050, 7090, 7130, 7170, 7200, 7240, 7271, 7310, 7350, 7380, 7420, 7450, 7490, 7520, 7560, 7590, 7630, 7661, 7700, 7740, 7771, 7810, 7850, 7890, 7930, 7970, 8010, 8050, 8100, 8140, 8180, 8230, 8270, 8320, 8361, 8410, 8451, 8500, 8550, 8590, 8640, 8680, 8730, 8771, 8820, 8870, 8920, 8970, 9020, 9080, 9140, 9201, 9271, 9350, 9440, 9541, 9670, 9811, 9980, 10170, 10410, 10730, 11310, 12690, 15481, 17581, 20660, 31030, 328599, 8440122]
                 avg          P99       P99.99         P100
Read         1.82μs      3.68μs      8.88μs     37.04μs
Write         8.62μs     31.05μs    155.14μs       8.44ms

=== bench_out35.dat ===
Monster: conflicts=130501, sync_failures=2175329, empty_requests=0, try_overtime=761625, check_overtime=525466, replicate_overtime=888238
Ops: 2010000  Time: 10.87s  Throughput: 184871.30 ops/sec
Dirty reads: 0 / 1003791 (0.000%)
read_lats: vec100: [1070, 1490, 1490, 1500, 1500, 1500, 1500, 1510, 1510, 1510, 1510, 1510, 1510, 1520, 1520, 1520, 1520, 1520, 1530, 1530, 1530, 1530, 1540, 1540, 1540, 1550, 1550, 1560, 1560, 1570, 1570, 1580, 1580, 1590, 1590, 1600, 1610, 1610, 1620, 1621, 1630, 1640, 1640, 1650, 1660, 1661, 1670, 1680, 1690, 1690, 1700, 1710, 1710, 1720, 1730, 1740, 1740, 1750, 1760, 1770, 1770, 1780, 1790, 1800, 1810, 1810, 1820, 1830, 1840, 1850, 1860, 1870, 1880, 1890, 1910, 1920, 1930, 1950, 1960, 1980, 2000, 2020, 2040, 2060, 2080, 2110, 2130, 2160, 2200, 2230, 2270, 2320, 2370, 2430, 2500, 2590, 2710, 2890, 3170, 3700, 9330, 144953]
write_lats: vec100: [4531, 5120, 5290, 5430, 5550, 5670, 5770, 5870, 5960, 6041, 6120, 6190, 6260, 6321, 6380, 6440, 6490, 6540, 6590, 6640, 6690, 6731, 6780, 6830, 6870, 6911, 6960, 7000, 7040, 7081, 7121, 7161, 7201, 7240, 7280, 7320, 7360, 7391, 7430, 7470, 7501, 7540, 7580, 7611, 7650, 7690, 7721, 7760, 7800, 7840, 7880, 7911, 7951, 7990, 8031, 8071, 8111, 8160, 8200, 8240, 8280, 8321, 8361, 8410, 8450, 8490, 8530, 8570, 8610, 8651, 8691, 8731, 8780, 8820, 8860, 8900, 8950, 8990, 9040, 9090, 9140, 9200, 9260, 9330, 9400, 9481, 9580, 9690, 9811, 9960, 10120, 10310, 10540, 10890, 11471, 12850, 15591, 17700, 20781, 30931, 6170735, 8435251]
                 avg          P99       P99.99         P100
Read         1.83μs      3.71μs      9.12μs    144.95μs
Write         8.77μs     30.94μs    155.32μs       8.44ms

=== bench_out36.dat ===
Monster: conflicts=140481, sync_failures=2048193, empty_requests=0, try_overtime=719288, check_overtime=471120, replicate_overtime=857785
Ops: 2010000  Time: 10.66s  Throughput: 188556.42 ops/sec
Dirty reads: 0 / 1005242 (0.000%)
read_lats: vec100: [1040, 1480, 1490, 1490, 1490, 1500, 1500, 1500, 1500, 1500, 1501, 1510, 1510, 1510, 1510, 1510, 1510, 1520, 1520, 1520, 1520, 1521, 1530, 1530, 1530, 1540, 1540, 1541, 1550, 1550, 1560, 1560, 1570, 1570, 1580, 1590, 1590, 1600, 1600, 1610, 1620, 1620, 1630, 1640, 1640, 1650, 1660, 1660, 1670, 1680, 1680, 1690, 1700, 1710, 1710, 1720, 1730, 1731, 1740, 1750, 1760, 1770, 1770, 1780, 1790, 1800, 1810, 1810, 1820, 1830, 1840, 1850, 1860, 1870, 1881, 1900, 1910, 1920, 1940, 1951, 1970, 1990, 2010, 2030, 2050, 2070, 2100, 2130, 2160, 2190, 2230, 2270, 2320, 2380, 2450, 2530, 2641, 2810, 3081, 3620, 11250, 6499324]
write_lats: vec100: [4390, 5030, 5180, 5300, 5400, 5500, 5590, 5680, 5760, 5840, 5910, 5980, 6050, 6110, 6170, 6221, 6280, 6330, 6380, 6421, 6470, 6520, 6560, 6601, 6650, 6690, 6730, 6780, 6820, 6860, 6900, 6940, 6980, 7020, 7060, 7100, 7131, 7170, 7210, 7241, 7280, 7320, 7350, 7390, 7421, 7460, 7500, 7530, 7570, 7601, 7640, 7680, 7710, 7750, 7790, 7830, 7870, 7910, 7950, 7990, 8030, 8080, 8120, 8161, 8210, 8260, 8301, 8350, 8400, 8441, 8490, 8540, 8581, 8630, 8680, 8721, 8770, 8820, 8870, 8921, 8980, 9040, 9100, 9160, 9230, 9310, 9400, 9500, 9630, 9780, 9950, 10151, 10411, 10780, 11500, 13510, 15900, 17890, 21580, 32891, 184744, 7370795]
                 avg          P99       P99.99         P100
Read         1.82μs      3.62μs      8.97μs       6.50ms
Write         8.60μs     33.00μs    159.78μs       7.37ms

=== bench_out37.dat ===
Monster: conflicts=146670, sync_failures=2051874, empty_requests=0, try_overtime=720517, check_overtime=474319, replicate_overtime=857038
Ops: 2010000  Time: 10.70s  Throughput: 187788.74 ops/sec
Dirty reads: 0 / 1004240 (0.000%)
read_lats: vec100: [1010, 1480, 1490, 1490, 1490, 1500, 1500, 1500, 1500, 1500, 1500, 1510, 1510, 1510, 1510, 1510, 1510, 1520, 1520, 1520, 1520, 1520, 1530, 1530, 1530, 1540, 1540, 1540, 1550, 1550, 1560, 1560, 1570, 1570, 1580, 1580, 1590, 1600, 1600, 1610, 1620, 1620, 1630, 1631, 1640, 1650, 1660, 1660, 1670, 1680, 1680, 1690, 1700, 1700, 1710, 1720, 1730, 1730, 1740, 1750, 1760, 1760, 1770, 1780, 1790, 1800, 1800, 1810, 1820, 1830, 1840, 1850, 1860, 1870, 1880, 1900, 1910, 1920, 1940, 1950, 1970, 1990, 2010, 2030, 2050, 2070, 2100, 2130, 2160, 2190, 2230, 2270, 2320, 2380, 2450, 2530, 2641, 2820, 3090, 3640, 10791, 6400931]
write_lats: vec100: [4401, 5030, 5170, 5290, 5390, 5490, 5580, 5670, 5750, 5830, 5900, 5970, 6040, 6100, 6160, 6211, 6270, 6320, 6370, 6420, 6460, 6510, 6550, 6591, 6640, 6680, 6721, 6770, 6810, 6850, 6890, 6930, 6970, 7010, 7050, 7090, 7130, 7170, 7200, 7240, 7271, 7310, 7350, 7381, 7420, 7460, 7490, 7530, 7561, 7600, 7640, 7680, 7710, 7750, 7790, 7830, 7870, 7910, 7950, 7990, 8031, 8080, 8121, 8170, 8211, 8260, 8310, 8351, 8400, 8450, 8491, 8540, 8590, 8631, 8680, 8730, 8780, 8830, 8880, 8930, 8980, 9040, 9100, 9170, 9240, 9320, 9410, 9511, 9640, 9790, 9970, 10180, 10440, 10830, 11660, 13920, 16141, 18101, 22170, 33781, 183394, 7316674]
                 avg          P99       P99.99         P100
Read         1.82μs      3.64μs      8.70μs       6.40ms
Write         8.64μs     33.86μs    160.29μs       7.32ms

=== bench_out38.dat ===
Monster: conflicts=147070, sync_failures=2136216, empty_requests=0, try_overtime=748357, check_overtime=521242, replicate_overtime=866617
Ops: 2010000  Time: 10.85s  Throughput: 185319.89 ops/sec
Dirty reads: 0 / 1005319 (0.000%)
read_lats: vec100: [1060, 1480, 1490, 1490, 1500, 1500, 1500, 1500, 1500, 1500, 1510, 1510, 1510, 1510, 1510, 1510, 1520, 1520, 1520, 1520, 1520, 1530, 1530, 1530, 1530, 1540, 1540, 1541, 1550, 1550, 1560, 1560, 1570, 1570, 1580, 1590, 1590, 1600, 1600, 1610, 1620, 1620, 1630, 1640, 1640, 1650, 1660, 1660, 1670, 1680, 1680, 1690, 1700, 1710, 1710, 1720, 1730, 1740, 1740, 1750, 1760, 1761, 1770, 1780, 1790, 1800, 1801, 1810, 1820, 1830, 1840, 1850, 1860, 1870, 1880, 1900, 1910, 1920, 1940, 1950, 1970, 1990, 2010, 2030, 2050, 2070, 2100, 2130, 2160, 2190, 2230, 2270, 2320, 2380, 2441, 2530, 2640, 2800, 3081, 3620, 14001, 117183]
write_lats: vec100: [4380, 5050, 5210, 5340, 5460, 5570, 5670, 5760, 5850, 5930, 6010, 6080, 6150, 6220, 6280, 6340, 6390, 6440, 6490, 6540, 6590, 6640, 6690, 6730, 6780, 6821, 6870, 6910, 6960, 7000, 7040, 7080, 7120, 7160, 7200, 7240, 7280, 7320, 7360, 7391, 7430, 7470, 7501, 7540, 7580, 7620, 7650, 7690, 7730, 7770, 7800, 7840, 7880, 7920, 7960, 8000, 8040, 8081, 8130, 8170, 8210, 8251, 8300, 8340, 8380, 8430, 8470, 8510, 8551, 8600, 8640, 8680, 8721, 8770, 8810, 8850, 8900, 8941, 8991, 9041, 9100, 9151, 9210, 9280, 9351, 9440, 9531, 9650, 9780, 9920, 10091, 10300, 10561, 10971, 11771, 14090, 16340, 18270, 22341, 33671, 163764, 8810942]
                 avg          P99       P99.99         P100
Read         1.81μs      3.63μs      8.92μs    117.18μs
Write         8.79μs     33.85μs    153.15μs       8.81ms

=== bench_out39.dat ===
Monster: conflicts=159590, sync_failures=2058041, empty_requests=0, try_overtime=726963, check_overtime=478772, replicate_overtime=852306
Ops: 2010000  Time: 10.80s  Throughput: 186158.97 ops/sec
Dirty reads: 0 / 1005105 (0.000%)
read_lats: vec100: [1040, 1480, 1490, 1490, 1500, 1500, 1500, 1500, 1500, 1500, 1510, 1510, 1510, 1510, 1510, 1510, 1520, 1520, 1520, 1520, 1520, 1530, 1530, 1530, 1530, 1540, 1540, 1550, 1550, 1550, 1560, 1560, 1570, 1571, 1580, 1590, 1590, 1600, 1600, 1610, 1620, 1620, 1630, 1640, 1640, 1650, 1660, 1660, 1670, 1680, 1681, 1690, 1700, 1710, 1710, 1720, 1730, 1740, 1740, 1750, 1760, 1770, 1770, 1780, 1790, 1800, 1810, 1810, 1820, 1830, 1840, 1850, 1860, 1870, 1880, 1900, 1910, 1920, 1940, 1951, 1970, 1990, 2010, 2030, 2050, 2071, 2100, 2130, 2160, 2190, 2230, 2270, 2320, 2380, 2450, 2530, 2640, 2810, 3090, 3620, 23520, 33581]
write_lats: vec100: [4400, 5020, 5160, 5280, 5380, 5480, 5570, 5651, 5740, 5820, 5890, 5960, 6030, 6090, 6150, 6200, 6260, 6310, 6360, 6410, 6460, 6500, 6550, 6591, 6640, 6680, 6721, 6770, 6810, 6850, 6890, 6930, 6971, 7011, 7050, 7090, 7130, 7170, 7210, 7240, 7280, 7320, 7350, 7390, 7421, 7460, 7500, 7530, 7570, 7610, 7641, 7680, 7720, 7760, 7791, 7831, 7871, 7920, 7960, 8000, 8041, 8090, 8130, 8180, 8221, 8270, 8320, 8370, 8410, 8460, 8510, 8551, 8600, 8650, 8700, 8741, 8790, 8840, 8891, 8950, 9000, 9060, 9121, 9190, 9270, 9350, 9450, 9560, 9700, 9851, 10040, 10260, 10550, 11050, 12160, 14670, 16640, 18651, 23911, 35801, 162944, 7351504]
                 avg          P99       P99.99         P100
Read         1.81μs      3.62μs      8.83μs     33.58μs
Write         8.74μs     35.96μs    161.43μs       7.35ms

=== bench_out3.dat ===
Monster: conflicts=8195, sync_failures=1954144, empty_requests=0, try_overtime=655385, check_overtime=383701, replicate_overtime=915058
Ops: 2010000  Time: 9.81s  Throughput: 204923.79 ops/sec
Dirty reads: 0 / 1004104 (0.000%)
read_lats: vec100: [1010, 1490, 1490, 1500, 1500, 1500, 1500, 1500, 1510, 1510, 1510, 1510, 1510, 1510, 1510, 1520, 1520, 1520, 1520, 1520, 1530, 1530, 1530, 1530, 1540, 1540, 1540, 1550, 1550, 1560, 1560, 1570, 1570, 1580, 1580, 1590, 1600, 1600, 1610, 1620, 1620, 1630, 1640, 1640, 1650, 1660, 1660, 1670, 1680, 1681, 1690, 1700, 1710, 1710, 1720, 1730, 1740, 1740, 1750, 1760, 1770, 1770, 1780, 1790, 1800, 1810, 1810, 1820, 1830, 1840, 1850, 1860, 1870, 1880, 1900, 1910, 1920, 1940, 1950, 1970, 1981, 2000, 2020, 2040, 2061, 2090, 2111, 2140, 2170, 2210, 2250, 2290, 2340, 2400, 2470, 2550, 2670, 2840, 3130, 3680, 2798230, 2982085]
write_lats: vec100: [4480, 5070, 5210, 5330, 5430, 5520, 5610, 5700, 5780, 5850, 5920, 5990, 6060, 6111, 6170, 6220, 6270, 6320, 6370, 6410, 6451, 6500, 6540, 6580, 6620, 6660, 6700, 6740, 6780, 6820, 6851, 6890, 6930, 6970, 7000, 7040, 7071, 7110, 7141, 7180, 7210, 7241, 7280, 7310, 7340, 7380, 7410, 7440, 7471, 7510, 7540, 7571, 7610, 7640, 7680, 7710, 7750, 7780, 7820, 7851, 7890, 7930, 7970, 8010, 8050, 8091, 8140, 8180, 8230, 8270, 8320, 8360, 8410, 8451, 8500, 8550, 8591, 8640, 8690, 8731, 8780, 8830, 8881, 8940, 8990, 9050, 9110, 9180, 9250, 9330, 9420, 9521, 9641, 9790, 9961, 10170, 10410, 10740, 11280, 12470, 63021, 3007206]
                 avg          P99       P99.99         P100
Read         1.83μs      3.68μs      9.19μs       2.98ms
Write         7.76μs     12.49μs     61.94μs       3.01ms

=== bench_out40.dat ===
Monster: conflicts=164699, sync_failures=2117061, empty_requests=0, try_overtime=730046, check_overtime=537746, replicate_overtime=849269
Ops: 2010000  Time: 10.92s  Throughput: 184041.96 ops/sec
Dirty reads: 0 / 1004754 (0.000%)
read_lats: vec100: [1040, 1480, 1490, 1500, 1500, 1500, 1500, 1500, 1510, 1510, 1510, 1510, 1510, 1510, 1510, 1520, 1520, 1520, 1520, 1520, 1530, 1530, 1530, 1530, 1540, 1540, 1540, 1550, 1550, 1560, 1560, 1570, 1570, 1580, 1580, 1590, 1590, 1600, 1610, 1610, 1620, 1630, 1630, 1640, 1650, 1650, 1660, 1670, 1670, 1680, 1690, 1690, 1700, 1710, 1720, 1720, 1730, 1740, 1750, 1750, 1760, 1770, 1780, 1780, 1790, 1800, 1810, 1820, 1830, 1840, 1850, 1860, 1870, 1880, 1890, 1900, 1910, 1930, 1940, 1960, 1980, 1990, 2010, 2030, 2060, 2080, 2101, 2130, 2160, 2200, 2240, 2280, 2330, 2380, 2450, 2530, 2640, 2810, 3080, 3620, 9510, 8726489]
write_lats: vec100: [4440, 5030, 5190, 5310, 5420, 5521, 5620, 5720, 5800, 5881, 5960, 6031, 6100, 6170, 6230, 6290, 6341, 6400, 6450, 6500, 6550, 6591, 6640, 6690, 6730, 6780, 6820, 6870, 6910, 6951, 7000, 7040, 7080, 7120, 7160, 7200, 7240, 7280, 7320, 7351, 7390, 7430, 7470, 7500, 7540, 7580, 7611, 7650, 7690, 7730, 7761, 7800, 7840, 7880, 7920, 7960, 8000, 8040, 8081, 8130, 8170, 8210, 8260, 8300, 8340, 8390, 8430, 8470, 8511, 8560, 8600, 8641, 8690, 8730, 8771, 8820, 8870, 8911, 8960, 9011, 9070, 9121, 9190, 9251, 9330, 9411, 9511, 9631, 9770, 9930, 10110, 10340, 10640, 11170, 12421, 14930, 16760, 18751, 24231, 36211, 217216, 6529803]
                 avg          P99       P99.99         P100
Read         1.82μs      3.62μs      8.63μs       8.73ms
Write         8.84μs     36.29μs    167.90μs       6.53ms

=== bench_out41.dat ===
Monster: conflicts=170125, sync_failures=2119939, empty_requests=0, try_overtime=733308, check_overtime=539704, replicate_overtime=846927
Ops: 2010000  Time: 10.96s  Throughput: 183393.30 ops/sec
Dirty reads: 0 / 1004284 (0.000%)
read_lats: vec100: [1040, 1480, 1490, 1500, 1500, 1500, 1500, 1500, 1501, 1510, 1510, 1510, 1510, 1510, 1510, 1520, 1520, 1520, 1520, 1520, 1521, 1530, 1530, 1530, 1540, 1540, 1540, 1550, 1550, 1560, 1560, 1570, 1570, 1580, 1580, 1590, 1590, 1600, 1610, 1610, 1620, 1630, 1630, 1640, 1650, 1650, 1660, 1670, 1670, 1680, 1690, 1690, 1700, 1710, 1720, 1720, 1730, 1740, 1750, 1750, 1760, 1770, 1780, 1780, 1790, 1800, 1810, 1820, 1830, 1840, 1850, 1860, 1870, 1880, 1890, 1900, 1910, 1930, 1940, 1960, 1980, 1990, 2010, 2030, 2051, 2080, 2101, 2130, 2160, 2200, 2240, 2280, 2330, 2390, 2450, 2540, 2650, 2810, 3080, 3620, 9090, 5269672]
write_lats: vec100: [4350, 5020, 5171, 5300, 5410, 5520, 5620, 5710, 5800, 5880, 5960, 6030, 6100, 6160, 6220, 6280, 6340, 6390, 6440, 6490, 6540, 6590, 6631, 6680, 6730, 6770, 6820, 6860, 6910, 6950, 6990, 7031, 7080, 7120, 7160, 7200, 7240, 7271, 7310, 7350, 7390, 7430, 7461, 7500, 7540, 7580, 7611, 7650, 7690, 7730, 7761, 7800, 7840, 7880, 7921, 7961, 8001, 8050, 8090, 8130, 8170, 8220, 8260, 8301, 8350, 8390, 8440, 8480, 8520, 8570, 8610, 8650, 8691, 8740, 8780, 8830, 8870, 8920, 8970, 9020, 9080, 9131, 9200, 9270, 9341, 9431, 9540, 9660, 9800, 9960, 10160, 10390, 10720, 11310, 12770, 15210, 17011, 19071, 25001, 37331, 298477, 8775921]
                 avg          P99       P99.99         P100
Read         1.82μs      3.62μs      8.85μs       5.27ms
Write         8.88μs     37.37μs    173.57μs       8.78ms

=== bench_out42.dat ===
Monster: conflicts=168976, sync_failures=2207164, empty_requests=0, try_overtime=762696, check_overtime=585790, replicate_overtime=858678
Ops: 2010000  Time: 11.08s  Throughput: 181358.65 ops/sec
Dirty reads: 0 / 1005220 (0.000%)
read_lats: vec100: [1010, 1490, 1490, 1500, 1500, 1500, 1500, 1500, 1510, 1510, 1510, 1510, 1510, 1510, 1520, 1520, 1520, 1520, 1520, 1520, 1530, 1530, 1530, 1530, 1540, 1540, 1540, 1550, 1550, 1560, 1560, 1570, 1570, 1580, 1580, 1590, 1600, 1600, 1610, 1610, 1620, 1630, 1630, 1640, 1650, 1650, 1660, 1670, 1670, 1680, 1690, 1700, 1700, 1710, 1720, 1730, 1730, 1740, 1750, 1760, 1760, 1770, 1780, 1790, 1790, 1800, 1810, 1820, 1830, 1840, 1850, 1860, 1870, 1880, 1890, 1900, 1920, 1930, 1950, 1960, 1980, 2000, 2020, 2040, 2060, 2080, 2110, 2140, 2170, 2200, 2240, 2280, 2330, 2390, 2450, 2540, 2650, 2800, 3080, 3620, 15190, 8722320]
write_lats: vec100: [4420, 5050, 5220, 5360, 5480, 5600, 5710, 5810, 5910, 6000, 6080, 6160, 6230, 6300, 6360, 6420, 6471, 6530, 6580, 6631, 6681, 6731, 6781, 6831, 6880, 6930, 6980, 7020, 7070, 7110, 7150, 7191, 7240, 7280, 7320, 7360, 7400, 7440, 7471, 7511, 7550, 7590, 7630, 7670, 7710, 7741, 7780, 7820, 7860, 7900, 7940, 7980, 8011, 8051, 8091, 8131, 8171, 8211, 8260, 8300, 8340, 8380, 8420, 8460, 8500, 8540, 8580, 8611, 8651, 8690, 8730, 8770, 8810, 8850, 8890, 8931, 8980, 9030, 9071, 9121, 9180, 9240, 9300, 9371, 9460, 9550, 9660, 9780, 9920, 10080, 10260, 10490, 10811, 11401, 12850, 15360, 17130, 19090, 24911, 36841, 174104, 6415891]
                 avg          P99       P99.99         P100
Read         1.83μs      3.62μs      8.82μs       8.72ms
Write         8.99μs     36.99μs    163.55μs       6.42ms

=== bench_out43.dat ===
Monster: conflicts=179296, sync_failures=2134721, empty_requests=0, try_overtime=742532, check_overtime=549374, replicate_overtime=842815
Ops: 2010000  Time: 11.03s  Throughput: 182167.52 ops/sec
Dirty reads: 0 / 1004413 (0.000%)
read_lats: vec100: [1040, 1490, 1490, 1500, 1500, 1500, 1500, 1500, 1510, 1510, 1510, 1510, 1510, 1510, 1511, 1520, 1520, 1520, 1520, 1520, 1530, 1530, 1530, 1530, 1540, 1540, 1540, 1550, 1550, 1560, 1560, 1570, 1570, 1580, 1580, 1590, 1590, 1600, 1610, 1610, 1620, 1630, 1630, 1640, 1650, 1650, 1660, 1670, 1670, 1680, 1690, 1691, 1700, 1710, 1720, 1720, 1730, 1740, 1750, 1750, 1760, 1770, 1780, 1780, 1790, 1800, 1810, 1820, 1830, 1840, 1850, 1860, 1870, 1880, 1890, 1900, 1920, 1930, 1950, 1960, 1980, 2000, 2011, 2040, 2060, 2080, 2110, 2140, 2170, 2200, 2240, 2280, 2330, 2380, 2450, 2530, 2640, 2801, 3080, 3620, 15171, 5326094]
write_lats: vec100: [4440, 5020, 5170, 5300, 5411, 5520, 5620, 5720, 5800, 5890, 5961, 6040, 6110, 6170, 6240, 6300, 6350, 6400, 6451, 6501, 6551, 6601, 6650, 6700, 6750, 6790, 6840, 6880, 6921, 6970, 7010, 7050, 7091, 7140, 7180, 7220, 7251, 7291, 7330, 7370, 7410, 7450, 7481, 7520, 7560, 7600, 7640, 7680, 7711, 7750, 7790, 7830, 7870, 7910, 7950, 7990, 8030, 8071, 8120, 8160, 8200, 8241, 8290, 8330, 8380, 8420, 8460, 8500, 8541, 8590, 8630, 8671, 8720, 8760, 8800, 8850, 8891, 8940, 8990, 9041, 9100, 9160, 9221, 9291, 9371, 9470, 9571, 9700, 9850, 10020, 10220, 10461, 10830, 11540, 13450, 15650, 17330, 19430, 25811, 38391, 166854, 8868193]
                 avg          P99       P99.99         P100
Read         1.83μs      3.62μs      8.79μs       5.33ms
Write         8.95μs     38.59μs    161.78μs       8.87ms

=== bench_out44.dat ===
Monster: conflicts=188457, sync_failures=2121105, empty_requests=0, try_overtime=741624, check_overtime=526087, replicate_overtime=853394
Ops: 2010000  Time: 11.05s  Throughput: 181884.93 ops/sec
Dirty reads: 0 / 1006615 (0.000%)
read_lats: vec100: [1070, 1480, 1490, 1490, 1490, 1500, 1500, 1500, 1500, 1500, 1500, 1510, 1510, 1510, 1510, 1510, 1510, 1520, 1520, 1520, 1520, 1530, 1530, 1530, 1540, 1540, 1540, 1550, 1550, 1560, 1560, 1570, 1570, 1580, 1580, 1590, 1600, 1600, 1610, 1610, 1620, 1630, 1630, 1640, 1641, 1650, 1660, 1660, 1670, 1680, 1680, 1690, 1700, 1700, 1710, 1720, 1730, 1730, 1740, 1750, 1760, 1760, 1770, 1780, 1790, 1790, 1800, 1810, 1820, 1830, 1840, 1850, 1860, 1870, 1880, 1890, 1900, 1920, 1930, 1950, 1960, 1980, 2000, 2020, 2040, 2061, 2090, 2120, 2150, 2180, 2220, 2260, 2310, 2361, 2430, 2520, 2630, 2790, 3070, 3610, 16311, 163664]
write_lats: vec100: [4420, 5031, 5180, 5301, 5420, 5520, 5620, 5710, 5791, 5871, 5950, 6020, 6090, 6151, 6220, 6280, 6330, 6390, 6440, 6490, 6531, 6580, 6630, 6680, 6720, 6770, 6810, 6860, 6900, 6940, 6981, 7021, 7070, 7110, 7150, 7190, 7221, 7260, 7300, 7340, 7371, 7410, 7450, 7480, 7520, 7560, 7591, 7630, 7670, 7710, 7741, 7780, 7820, 7860, 7900, 7940, 7980, 8021, 8070, 8110, 8151, 8200, 8241, 8290, 8331, 8380, 8421, 8470, 8511, 8560, 8600, 8650, 8690, 8731, 8780, 8830, 8870, 8920, 8970, 9020, 9080, 9140, 9200, 9270, 9350, 9441, 9550, 9671, 9821, 10000, 10210, 10470, 10880, 11720, 13931, 15870, 17451, 19631, 26511, 39761, 183895, 8975556]
                 avg          P99       P99.99         P100
Read         1.80μs      3.61μs      8.84μs    163.66μs
Write         9.00μs     40.01μs    174.00μs       8.98ms

=== bench_out45.dat ===
Monster: conflicts=198449, sync_failures=2088455, empty_requests=0, try_overtime=726176, check_overtime=527713, replicate_overtime=834566
Ops: 2010000  Time: 11.05s  Throughput: 181857.50 ops/sec
Dirty reads: 0 / 1004729 (0.000%)
read_lats: vec100: [1070, 1480, 1490, 1490, 1490, 1490, 1500, 1500, 1500, 1500, 1500, 1500, 1510, 1510, 1510, 1510, 1510, 1520, 1520, 1520, 1520, 1521, 1530, 1530, 1531, 1540, 1540, 1550, 1550, 1560, 1560, 1570, 1570, 1580, 1580, 1590, 1600, 1600, 1610, 1610, 1620, 1630, 1630, 1640, 1640, 1650, 1660, 1660, 1670, 1680, 1680, 1690, 1700, 1700, 1710, 1720, 1721, 1730, 1740, 1750, 1750, 1760, 1770, 1780, 1781, 1790, 1800, 1810, 1820, 1830, 1840, 1850, 1860, 1870, 1880, 1890, 1900, 1920, 1930, 1950, 1960, 1980, 2000, 2020, 2040, 2060, 2090, 2111, 2141, 2180, 2220, 2260, 2310, 2360, 2430, 2510, 2620, 2790, 3060, 3600, 11560, 8960865]
write_lats: vec100: [4401, 4990, 5130, 5250, 5350, 5450, 5540, 5630, 5710, 5790, 5860, 5930, 6000, 6070, 6130, 6190, 6250, 6300, 6350, 6400, 6450, 6500, 6540, 6590, 6631, 6680, 6721, 6770, 6810, 6860, 6900, 6940, 6980, 7021, 7061, 7100, 7140, 7180, 7220, 7260, 7300, 7340, 7371, 7410, 7450, 7490, 7521, 7561, 7600, 7640, 7680, 7720, 7751, 7791, 7831, 7871, 7920, 7960, 8000, 8040, 8090, 8130, 8180, 8221, 8270, 8311, 8360, 8410, 8451, 8500, 8541, 8590, 8640, 8680, 8730, 8780, 8830, 8880, 8930, 8980, 9040, 9100, 9170, 9240, 9320, 9420, 9530, 9660, 9820, 10000, 10220, 10500, 10970, 12020, 14300, 16060, 17650, 20060, 27200, 41361, 192395, 7018406]
                 avg          P99       P99.99         P100
Read         1.82μs      3.60μs      8.81μs       8.96ms
Write         8.98μs     41.50μs    176.39μs       7.02ms

=== bench_out46.dat ===
Monster: conflicts=200784, sync_failures=2094322, empty_requests=0, try_overtime=729305, check_overtime=532141, replicate_overtime=832876
Ops: 2010000  Time: 11.09s  Throughput: 181188.65 ops/sec
Dirty reads: 1 / 1004594 (0.000%)
  Dirty read avg latency: 203.66μs
read_lats: vec100: [1040, 1480, 1490, 1490, 1490, 1500, 1500, 1500, 1500, 1500, 1510, 1510, 1510, 1510, 1510, 1510, 1520, 1520, 1520, 1520, 1520, 1530, 1530, 1530, 1540, 1540, 1541, 1550, 1550, 1560, 1560, 1570, 1570, 1580, 1590, 1590, 1600, 1600, 1610, 1620, 1620, 1630, 1630, 1640, 1650, 1650, 1660, 1661, 1670, 1680, 1680, 1690, 1700, 1710, 1710, 1720, 1730, 1730, 1740, 1750, 1760, 1760, 1770, 1780, 1790, 1791, 1800, 1810, 1820, 1830, 1840, 1850, 1860, 1870, 1880, 1890, 1910, 1920, 1930, 1950, 1961, 1980, 2000, 2020, 2040, 2061, 2090, 2120, 2150, 2180, 2220, 2260, 2310, 2360, 2430, 2510, 2620, 2790, 3070, 3610, 8590, 203785]
write_lats: vec100: [4450, 4990, 5130, 5250, 5350, 5450, 5541, 5631, 5720, 5800, 5880, 5950, 6020, 6081, 6150, 6210, 6260, 6320, 6370, 6420, 6470, 6520, 6560, 6610, 6660, 6700, 6750, 6790, 6831, 6880, 6920, 6970, 7010, 7050, 7090, 7130, 7170, 7210, 7250, 7290, 7321, 7360, 7400, 7440, 7480, 7511, 7550, 7590, 7630, 7661, 7700, 7740, 7780, 7820, 7860, 7900, 7941, 7990, 8030, 8071, 8120, 8160, 8210, 8250, 8300, 8340, 8390, 8431, 8480, 8521, 8570, 8620, 8660, 8710, 8751, 8800, 8850, 8900, 8950, 9010, 9061, 9121, 9190, 9270, 9350, 9441, 9560, 9700, 9851, 10040, 10271, 10570, 11091, 12311, 14560, 16230, 17761, 20261, 27411, 41651, 6757089, 8981686]
                 avg          P99       P99.99         P100
Read         1.80μs      3.62μs      8.45μs    203.78μs
Write         9.03μs     41.67μs    178.00μs       8.98ms

=== bench_out47.dat ===
Monster: conflicts=203072, sync_failures=2140233, empty_requests=0, try_overtime=741383, check_overtime=556901, replicate_overtime=841949
Ops: 2010000  Time: 11.18s  Throughput: 179834.47 ops/sec
Dirty reads: 0 / 1005851 (0.000%)
read_lats: vec100: [1020, 1480, 1490, 1490, 1491, 1500, 1500, 1500, 1500, 1500, 1510, 1510, 1510, 1510, 1510, 1510, 1520, 1520, 1520, 1520, 1521, 1530, 1530, 1530, 1540, 1540, 1550, 1550, 1551, 1560, 1561, 1570, 1580, 1580, 1590, 1590, 1600, 1600, 1610, 1620, 1620, 1630, 1631, 1640, 1650, 1650, 1660, 1670, 1670, 1680, 1690, 1690, 1700, 1710, 1710, 1720, 1730, 1740, 1740, 1750, 1760, 1770, 1770, 1780, 1790, 1800, 1801, 1810, 1820, 1830, 1840, 1850, 1860, 1870, 1880, 1900, 1910, 1920, 1940, 1950, 1970, 1990, 2001, 2021, 2050, 2070, 2100, 2120, 2150, 2190, 2221, 2270, 2320, 2370, 2440, 2520, 2630, 2790, 3080, 3600, 9660, 7019646]
write_lats: vec100: [4350, 5000, 5150, 5270, 5380, 5481, 5581, 5680, 5770, 5850, 5930, 6001, 6071, 6140, 6201, 6261, 6320, 6380, 6430, 6480, 6531, 6580, 6630, 6680, 6730, 6771, 6820, 6870, 6910, 6960, 7000, 7040, 7090, 7130, 7170, 7210, 7250, 7290, 7330, 7370, 7410, 7441, 7481, 7520, 7560, 7600, 7640, 7680, 7711, 7750, 7790, 7831, 7870, 7911, 7960, 8000, 8040, 8080, 8121, 8170, 8210, 8251, 8300, 8340, 8390, 8430, 8471, 8520, 8560, 8601, 8650, 8690, 8731, 8780, 8820, 8870, 8920, 8970, 9020, 9070, 9130, 9190, 9260, 9340, 9421, 9521, 9640, 9781, 9940, 10130, 10360, 10670, 11220, 12490, 14760, 16381, 17961, 20571, 27671, 41961, 220616, 8980526]
                 avg          P99       P99.99         P100
Read         1.81μs      3.61μs      8.50μs       7.02ms
Write         9.10μs     42.06μs    172.29μs       8.98ms

=== bench_out48.dat ===
Monster: conflicts=209978, sync_failures=2159610, empty_requests=0, try_overtime=735369, check_overtime=593085, replicate_overtime=831156
Ops: 2010000  Time: 11.24s  Throughput: 178756.41 ops/sec
Dirty reads: 1 / 1004250 (0.000%)
  Dirty read avg latency: 247.90μs
read_lats: vec100: [1030, 1480, 1490, 1490, 1500, 1500, 1500, 1500, 1500, 1510, 1510, 1510, 1510, 1510, 1510, 1520, 1520, 1520, 1520, 1520, 1530, 1530, 1530, 1531, 1540, 1540, 1550, 1550, 1560, 1560, 1570, 1570, 1580, 1580, 1590, 1590, 1600, 1601, 1610, 1620, 1620, 1630, 1640, 1640, 1650, 1650, 1660, 1670, 1670, 1680, 1690, 1690, 1700, 1710, 1720, 1720, 1730, 1740, 1741, 1750, 1760, 1770, 1770, 1780, 1790, 1800, 1810, 1820, 1821, 1831, 1840, 1850, 1860, 1870, 1890, 1900, 1910, 1920, 1940, 1950, 1970, 1990, 2010, 2030, 2050, 2070, 2100, 2130, 2160, 2190, 2230, 2270, 2320, 2371, 2440, 2520, 2630, 2790, 3060, 3580, 9870, 248336]
write_lats: vec100: [4390, 4990, 5140, 5261, 5380, 5490, 5590, 5690, 5780, 5861, 5941, 6020, 6090, 6160, 6220, 6280, 6340, 6400, 6450, 6500, 6550, 6600, 6650, 6700, 6750, 6790, 6840, 6890, 6930, 6980, 7020, 7061, 7110, 7150, 7190, 7230, 7270, 7310, 7351, 7390, 7430, 7470, 7510, 7550, 7590, 7630, 7661, 7700, 7740, 7780, 7820, 7860, 7900, 7940, 7980, 8021, 8061, 8110, 8150, 8190, 8240, 8280, 8321, 8370, 8410, 8451, 8500, 8540, 8580, 8620, 8661, 8710, 8750, 8791, 8840, 8881, 8930, 8980, 9030, 9090, 9150, 9210, 9280, 9360, 9450, 9550, 9671, 9820, 9980, 10180, 10420, 10770, 11440, 13040, 15091, 16591, 18091, 20891, 27981, 42311, 213015, 8980136]
                 avg          P99       P99.99         P100
Read         1.81μs      3.59μs      8.70μs    248.34μs
Write         9.16μs     42.43μs    174.44μs       8.98ms

=== bench_out49.dat ===
Monster: conflicts=213814, sync_failures=2159359, empty_requests=0, try_overtime=734424, check_overtime=595278, replicate_overtime=829657
Ops: 2010000  Time: 11.28s  Throughput: 178221.66 ops/sec
Dirty reads: 0 / 1004762 (0.000%)
read_lats: vec100: [1030, 1480, 1490, 1490, 1500, 1500, 1500, 1500, 1500, 1510, 1510, 1510, 1510, 1510, 1510, 1511, 1520, 1520, 1520, 1520, 1530, 1530, 1530, 1531, 1540, 1540, 1550, 1550, 1560, 1560, 1570, 1570, 1580, 1580, 1590, 1590, 1600, 1601, 1610, 1620, 1620, 1630, 1640, 1640, 1650, 1650, 1660, 1670, 1670, 1680, 1690, 1690, 1700, 1710, 1711, 1720, 1730, 1740, 1740, 1750, 1760, 1770, 1770, 1780, 1790, 1800, 1810, 1810, 1820, 1830, 1840, 1850, 1860, 1870, 1881, 1900, 1910, 1920, 1940, 1950, 1970, 1990, 2010, 2030, 2050, 2070, 2100, 2130, 2160, 2190, 2230, 2270, 2320, 2380, 2440, 2521, 2640, 2790, 3060, 3580, 9740, 6879502]
write_lats: vec100: [4470, 4990, 5131, 5260, 5370, 5480, 5580, 5680, 5770, 5851, 5931, 6010, 6080, 6150, 6220, 6280, 6340, 6390, 6441, 6500, 6550, 6600, 6650, 6700, 6741, 6790, 6840, 6890, 6930, 6980, 7020, 7061, 7110, 7150, 7190, 7231, 7280, 7311, 7360, 7400, 7431, 7471, 7510, 7550, 7590, 7630, 7670, 7710, 7741, 7781, 7821, 7861, 7901, 7950, 7990, 8030, 8070, 8110, 8160, 8200, 8240, 8281, 8330, 8370, 8411, 8460, 8500, 8540, 8581, 8630, 8670, 8710, 8751, 8800, 8840, 8890, 8940, 8981, 9040, 9090, 9150, 9220, 9290, 9370, 9460, 9570, 9700, 9850, 10011, 10211, 10460, 10841, 11600, 13401, 15330, 16760, 18311, 21491, 28640, 43301, 229756, 8990537]
                 avg          P99       P99.99         P100
Read         1.82μs      3.59μs      8.78μs       6.88ms
Write         9.19μs     43.39μs    175.06μs       8.99ms

=== bench_out4.dat ===
Monster: conflicts=10857, sync_failures=1973558, empty_requests=0, try_overtime=659879, check_overtime=397471, replicate_overtime=916208
Ops: 2010000  Time: 9.87s  Throughput: 203623.61 ops/sec
Dirty reads: 0 / 1005070 (0.000%)
read_lats: vec100: [1080, 1480, 1480, 1490, 1490, 1490, 1490, 1500, 1500, 1500, 1500, 1500, 1500, 1510, 1510, 1510, 1510, 1510, 1511, 1520, 1520, 1520, 1530, 1530, 1530, 1540, 1540, 1541, 1550, 1550, 1560, 1561, 1570, 1580, 1580, 1590, 1590, 1600, 1610, 1610, 1620, 1630, 1630, 1640, 1650, 1650, 1660, 1670, 1670, 1680, 1690, 1691, 1700, 1710, 1720, 1720, 1730, 1740, 1750, 1750, 1760, 1770, 1780, 1780, 1790, 1800, 1810, 1820, 1830, 1840, 1850, 1860, 1870, 1880, 1890, 1900, 1920, 1930, 1950, 1960, 1980, 2000, 2020, 2040, 2060, 2090, 2110, 2140, 2170, 2210, 2241, 2290, 2340, 2400, 2470, 2550, 2670, 2840, 3130, 3680, 10110, 4796730]
write_lats: vec100: [4550, 5090, 5231, 5350, 5450, 5550, 5640, 5720, 5800, 5880, 5950, 6020, 6081, 6140, 6200, 6250, 6300, 6350, 6400, 6440, 6490, 6530, 6570, 6610, 6651, 6691, 6731, 6770, 6810, 6850, 6890, 6930, 6961, 7000, 7040, 7071, 7110, 7141, 7180, 7210, 7250, 7280, 7311, 7350, 7380, 7410, 7450, 7480, 7510, 7550, 7580, 7610, 7641, 7680, 7710, 7750, 7781, 7820, 7860, 7900, 7931, 7971, 8010, 8050, 8091, 8140, 8180, 8221, 8270, 8310, 8360, 8400, 8450, 8490, 8540, 8580, 8630, 8670, 8720, 8770, 8811, 8860, 8910, 8961, 9020, 9071, 9131, 9200, 9270, 9350, 9440, 9540, 9661, 9810, 9971, 10171, 10420, 10750, 11330, 12630, 197555, 5835086]
                 avg          P99       P99.99         P100
Read         1.82μs      3.69μs      9.17μs       4.80ms
Write         7.84μs     12.64μs     89.85μs       5.84ms

=== bench_out50.dat ===
Monster: conflicts=220611, sync_failures=2165155, empty_requests=0, try_overtime=740991, check_overtime=598986, replicate_overtime=825178
Ops: 2010000  Time: 11.33s  Throughput: 177443.04 ops/sec
Dirty reads: 0 / 1004633 (0.000%)
read_lats: vec100: [1050, 1480, 1490, 1500, 1500, 1500, 1500, 1500, 1510, 1510, 1510, 1510, 1510, 1510, 1511, 1520, 1520, 1520, 1520, 1530, 1530, 1530, 1530, 1540, 1540, 1540, 1550, 1550, 1560, 1560, 1570, 1570, 1580, 1580, 1590, 1600, 1600, 1610, 1610, 1620, 1630, 1630, 1640, 1640, 1650, 1660, 1660, 1670, 1680, 1680, 1690, 1700, 1700, 1710, 1720, 1720, 1730, 1740, 1750, 1750, 1760, 1770, 1780, 1780, 1790, 1800, 1810, 1820, 1830, 1840, 1850, 1860, 1870, 1880, 1890, 1900, 1910, 1930, 1940, 1960, 1970, 1990, 2010, 2030, 2050, 2070, 2100, 2130, 2160, 2190, 2230, 2270, 2320, 2380, 2440, 2520, 2630, 2791, 3070, 3590, 11461, 6727449]
write_lats: vec100: [4390, 4980, 5130, 5250, 5360, 5470, 5580, 5671, 5770, 5850, 5931, 6010, 6081, 6150, 6220, 6280, 6340, 6391, 6450, 6500, 6550, 6600, 6650, 6700, 6750, 6800, 6850, 6890, 6940, 6980, 7030, 7070, 7111, 7160, 7200, 7240, 7280, 7320, 7360, 7400, 7440, 7480, 7520, 7560, 7600, 7631, 7671, 7710, 7750, 7790, 7830, 7870, 7910, 7950, 7991, 8040, 8080, 8120, 8161, 8210, 8250, 8291, 8340, 8380, 8421, 8470, 8510, 8550, 8591, 8631, 8680, 8720, 8761, 8810, 8850, 8900, 8950, 9000, 9050, 9110, 9161, 9230, 9300, 9381, 9480, 9590, 9720, 9870, 10050, 10251, 10520, 10951, 11820, 13810, 15530, 16890, 18420, 21830, 28870, 43821, 195385, 11308153]
                 avg          P99       P99.99         P100
Read         1.83μs      3.60μs      8.64μs       6.73ms
Write         9.22μs     44.00μs    179.80μs      11.31ms

=== bench_out51.dat ===
Monster: conflicts=226474, sync_failures=2168348, empty_requests=0, try_overtime=742013, check_overtime=602005, replicate_overtime=824330
Ops: 2010000  Time: 11.36s  Throughput: 176965.95 ops/sec
Dirty reads: 0 / 1004420 (0.000%)
read_lats: vec100: [1020, 1480, 1490, 1500, 1500, 1500, 1500, 1500, 1510, 1510, 1510, 1510, 1510, 1510, 1511, 1520, 1520, 1520, 1520, 1520, 1530, 1530, 1530, 1540, 1540, 1540, 1550, 1550, 1560, 1560, 1570, 1570, 1580, 1580, 1590, 1590, 1600, 1610, 1610, 1620, 1620, 1630, 1640, 1640, 1650, 1660, 1660, 1670, 1680, 1680, 1690, 1700, 1700, 1710, 1720, 1720, 1730, 1740, 1750, 1750, 1760, 1770, 1780, 1780, 1790, 1800, 1810, 1820, 1830, 1840, 1850, 1860, 1870, 1880, 1890, 1900, 1910, 1930, 1940, 1960, 1970, 1990, 2010, 2030, 2050, 2080, 2100, 2130, 2160, 2191, 2230, 2280, 2321, 2380, 2450, 2530, 2640, 2791, 3070, 3580, 12930, 4676668]
write_lats: vec100: [4400, 4980, 5120, 5250, 5360, 5470, 5570, 5670, 5760, 5850, 5930, 6010, 6080, 6150, 6211, 6280, 6340, 6390, 6450, 6500, 6550, 6600, 6650, 6700, 6750, 6791, 6840, 6890, 6930, 6980, 7020, 7070, 7110, 7150, 7191, 7240, 7280, 7320, 7360, 7400, 7440, 7480, 7520, 7560, 7600, 7640, 7671, 7711, 7751, 7791, 7831, 7880, 7920, 7960, 8000, 8040, 8081, 8130, 8170, 8220, 8260, 8300, 8350, 8390, 8430, 8471, 8520, 8560, 8600, 8640, 8681, 8730, 8770, 8811, 8860, 8910, 8951, 9001, 9060, 9111, 9171, 9240, 9310, 9400, 9490, 9610, 9741, 9900, 10080, 10290, 10570, 11050, 12030, 14060, 15661, 17030, 18581, 22290, 29341, 44191, 197155, 11073997]
                 avg          P99       P99.99         P100
Read         1.82μs      3.59μs      8.83μs       4.68ms
Write         9.25μs     44.35μs    187.84μs      11.07ms

=== bench_out52.dat ===
Monster: conflicts=231657, sync_failures=2097139, empty_requests=0, try_overtime=711821, check_overtime=591568, replicate_overtime=793750
Ops: 2010000  Time: 11.24s  Throughput: 178884.64 ops/sec
Dirty reads: 0 / 1004150 (0.000%)
read_lats: vec100: [1050, 1470, 1480, 1480, 1490, 1490, 1490, 1490, 1490, 1491, 1500, 1500, 1500, 1500, 1500, 1500, 1501, 1510, 1510, 1510, 1510, 1510, 1520, 1520, 1520, 1520, 1530, 1530, 1530, 1540, 1540, 1550, 1550, 1560, 1560, 1570, 1570, 1580, 1580, 1590, 1600, 1600, 1610, 1610, 1620, 1630, 1630, 1640, 1650, 1650, 1660, 1670, 1670, 1680, 1690, 1700, 1700, 1710, 1720, 1730, 1730, 1740, 1750, 1760, 1760, 1770, 1780, 1790, 1800, 1810, 1820, 1830, 1840, 1850, 1860, 1870, 1880, 1890, 1910, 1920, 1940, 1950, 1970, 1990, 2010, 2040, 2060, 2090, 2120, 2150, 2190, 2230, 2280, 2340, 2400, 2490, 2600, 2760, 3040, 3560, 10240, 3296613]
write_lats: vec100: [4320, 4900, 5040, 5140, 5240, 5330, 5421, 5520, 5610, 5700, 5780, 5850, 5921, 6000, 6060, 6130, 6190, 6241, 6300, 6350, 6401, 6450, 6500, 6550, 6600, 6650, 6700, 6750, 6791, 6840, 6890, 6940, 6980, 7030, 7070, 7120, 7160, 7200, 7240, 7281, 7330, 7370, 7410, 7450, 7490, 7530, 7570, 7610, 7650, 7690, 7730, 7770, 7811, 7860, 7900, 7940, 7980, 8030, 8070, 8110, 8160, 8201, 8250, 8291, 8340, 8380, 8430, 8471, 8520, 8561, 8610, 8651, 8700, 8741, 8790, 8840, 8890, 8940, 9000, 9051, 9120, 9181, 9260, 9340, 9440, 9550, 9690, 9851, 10041, 10270, 10570, 11110, 12301, 14261, 15780, 17101, 18750, 22910, 30051, 45321, 222446, 6332379]
                 avg          P99       P99.99         P100
Read         1.80μs      3.56μs      8.70μs       3.30ms
Write         9.20μs     45.41μs    186.91μs       6.33ms

=== bench_out53.dat ===
Monster: conflicts=238484, sync_failures=2100987, empty_requests=0, try_overtime=714450, check_overtime=592857, replicate_overtime=793680
Ops: 2010000  Time: 11.25s  Throughput: 178603.24 ops/sec
Dirty reads: 0 / 1005663 (0.000%)
read_lats: vec100: [1000, 1470, 1480, 1480, 1490, 1490, 1490, 1490, 1490, 1490, 1500, 1500, 1500, 1500, 1500, 1500, 1500, 1510, 1510, 1510, 1510, 1510, 1520, 1520, 1520, 1520, 1530, 1530, 1530, 1540, 1540, 1550, 1550, 1550, 1560, 1561, 1570, 1580, 1580, 1590, 1590, 1600, 1610, 1610, 1620, 1630, 1630, 1640, 1650, 1650, 1660, 1670, 1670, 1680, 1690, 1691, 1700, 1710, 1720, 1720, 1730, 1740, 1750, 1751, 1760, 1770, 1780, 1790, 1791, 1800, 1810, 1820, 1830, 1840, 1850, 1861, 1880, 1890, 1900, 1920, 1931, 1950, 1970, 1990, 2010, 2030, 2060, 2090, 2120, 2150, 2190, 2230, 2280, 2330, 2400, 2480, 2581, 2740, 3010, 3540, 9900, 2706138]
write_lats: vec100: [4310, 4900, 5031, 5130, 5230, 5320, 5410, 5501, 5600, 5680, 5770, 5841, 5920, 5990, 6051, 6120, 6180, 6240, 6290, 6350, 6400, 6450, 6500, 6550, 6600, 6650, 6691, 6741, 6790, 6840, 6890, 6931, 6980, 7030, 7070, 7120, 7160, 7200, 7241, 7290, 7330, 7370, 7410, 7450, 7490, 7530, 7571, 7611, 7651, 7700, 7740, 7780, 7820, 7860, 7900, 7941, 7990, 8030, 8071, 8120, 8161, 8210, 8251, 8300, 8350, 8390, 8440, 8481, 8530, 8571, 8620, 8661, 8710, 8760, 8801, 8850, 8900, 8951, 9010, 9070, 9130, 9200, 9271, 9360, 9461, 9590, 9731, 9900, 10100, 10340, 10690, 11350, 12850, 14641, 16020, 17281, 18951, 23351, 30240, 45221, 259717, 5241631]
                 avg          P99       P99.99         P100
Read         1.79μs      3.55μs      8.91μs       2.71ms
Write         9.24μs     45.28μs    186.99μs       5.24ms

=== bench_out54.dat ===
Monster: conflicts=238014, sync_failures=2145318, empty_requests=0, try_overtime=729748, check_overtime=618313, replicate_overtime=797257
Ops: 2010000  Time: 11.35s  Throughput: 177030.83 ops/sec
Dirty reads: 0 / 1004801 (0.000%)
read_lats: vec100: [1050, 1470, 1480, 1481, 1490, 1490, 1490, 1490, 1490, 1500, 1500, 1500, 1500, 1500, 1500, 1501, 1510, 1510, 1510, 1510, 1510, 1511, 1520, 1520, 1520, 1520, 1530, 1530, 1530, 1540, 1540, 1550, 1550, 1560, 1560, 1570, 1570, 1580, 1580, 1590, 1600, 1600, 1610, 1610, 1620, 1630, 1630, 1640, 1650, 1650, 1660, 1670, 1671, 1680, 1690, 1700, 1700, 1710, 1720, 1730, 1730, 1740, 1750, 1760, 1760, 1770, 1780, 1790, 1800, 1810, 1820, 1830, 1840, 1850, 1860, 1870, 1880, 1890, 1910, 1920, 1940, 1950, 1970, 1990, 2010, 2040, 2060, 2090, 2120, 2150, 2190, 2230, 2280, 2340, 2400, 2480, 2590, 2750, 3020, 3550, 5540519, 5540519]
write_lats: vec100: [4270, 4890, 5030, 5140, 5231, 5330, 5430, 5530, 5620, 5711, 5800, 5880, 5960, 6030, 6100, 6161, 6230, 6290, 6350, 6400, 6460, 6510, 6560, 6610, 6661, 6720, 6770, 6820, 6861, 6911, 6960, 7010, 7060, 7100, 7150, 7190, 7240, 7280, 7320, 7370, 7410, 7450, 7491, 7531, 7580, 7620, 7660, 7700, 7740, 7780, 7820, 7860, 7910, 7950, 7990, 8031, 8080, 8120, 8161, 8210, 8250, 8300, 8340, 8381, 8430, 8470, 8511, 8560, 8600, 8640, 8690, 8730, 8771, 8820, 8861, 8910, 8960, 9011, 9070, 9130, 9190, 9260, 9340, 9430, 9540, 9660, 9810, 9970, 10170, 10411, 10770, 11430, 12941, 14820, 16200, 17471, 19130, 23640, 30591, 45371, 179795, 7015356]
                 avg          P99       P99.99         P100
Read         1.80μs      3.55μs      8.71μs       5.54ms
Write         9.32μs     45.55μs    179.54μs       7.02ms

=== bench_out55.dat ===
Monster: conflicts=245944, sync_failures=2144857, empty_requests=0, try_overtime=727478, check_overtime=620344, replicate_overtime=797035
Ops: 2010000  Time: 11.39s  Throughput: 176430.13 ops/sec
Dirty reads: 0 / 1004646 (0.000%)
read_lats: vec100: [1030, 1470, 1480, 1480, 1490, 1490, 1490, 1490, 1490, 1500, 1500, 1500, 1500, 1500, 1500, 1500, 1510, 1510, 1510, 1510, 1510, 1510, 1520, 1520, 1520, 1520, 1530, 1530, 1530, 1540, 1540, 1540, 1550, 1550, 1560, 1560, 1570, 1571, 1580, 1590, 1590, 1600, 1601, 1610, 1620, 1620, 1630, 1640, 1641, 1650, 1660, 1670, 1670, 1680, 1690, 1690, 1700, 1710, 1720, 1720, 1730, 1740, 1750, 1750, 1760, 1770, 1780, 1790, 1790, 1800, 1810, 1820, 1830, 1840, 1850, 1861, 1880, 1890, 1900, 1920, 1931, 1950, 1970, 1990, 2010, 2040, 2060, 2090, 2120, 2150, 2190, 2230, 2280, 2330, 2400, 2480, 2590, 2750, 3020, 3540, 10300, 6997536]
write_lats: vec100: [4270, 4890, 5030, 5130, 5230, 5330, 5430, 5520, 5620, 5710, 5790, 5870, 5950, 6020, 6090, 6151, 6220, 6280, 6340, 6390, 6441, 6500, 6550, 6600, 6650, 6700, 6751, 6801, 6851, 6901, 6950, 7000, 7050, 7091, 7140, 7190, 7230, 7271, 7320, 7360, 7400, 7441, 7490, 7530, 7570, 7610, 7650, 7690, 7731, 7771, 7820, 7860, 7900, 7940, 7981, 8030, 8070, 8120, 8160, 8210, 8250, 8291, 8340, 8380, 8430, 8470, 8511, 8560, 8600, 8640, 8690, 8730, 8771, 8820, 8870, 8920, 8970, 9020, 9080, 9140, 9200, 9270, 9350, 9450, 9551, 9681, 9831, 10010, 10210, 10470, 10890, 11681, 13420, 15060, 16320, 17570, 19280, 23981, 30991, 46051, 223495, 5587390]
                 avg          P99       P99.99         P100
Read         1.80μs      3.55μs      8.52μs       7.00ms
Write         9.35μs     46.17μs    184.38μs       5.59ms

=== bench_out56.dat ===
Monster: conflicts=254335, sync_failures=2152566, empty_requests=0, try_overtime=719504, check_overtime=651119, replicate_overtime=781943
Ops: 2010000  Time: 11.45s  Throughput: 175479.68 ops/sec
Dirty reads: 0 / 1005062 (0.000%)
read_lats: vec100: [1050, 1480, 1480, 1490, 1490, 1490, 1491, 1500, 1500, 1500, 1500, 1500, 1500, 1510, 1510, 1510, 1510, 1510, 1510, 1510, 1520, 1520, 1520, 1520, 1520, 1530, 1530, 1530, 1540, 1540, 1540, 1550, 1550, 1560, 1560, 1570, 1570, 1580, 1590, 1590, 1600, 1600, 1610, 1620, 1620, 1630, 1640, 1640, 1650, 1660, 1660, 1670, 1680, 1680, 1690, 1700, 1710, 1710, 1720, 1730, 1740, 1740, 1750, 1760, 1770, 1770, 1780, 1790, 1800, 1810, 1820, 1830, 1840, 1850, 1860, 1870, 1880, 1890, 1910, 1920, 1940, 1960, 1980, 2000, 2020, 2040, 2070, 2090, 2120, 2160, 2190, 2240, 2280, 2340, 2400, 2480, 2590, 2750, 3010, 3530, 9350, 5563789]
write_lats: vec100: [4330, 4890, 5030, 5130, 5230, 5330, 5430, 5530, 5630, 5721, 5810, 5891, 5970, 6050, 6120, 6181, 6250, 6310, 6370, 6420, 6470, 6530, 6580, 6630, 6690, 6740, 6790, 6840, 6890, 6940, 6990, 7040, 7090, 7130, 7180, 7220, 7261, 7310, 7351, 7400, 7440, 7480, 7520, 7561, 7601, 7650, 7690, 7730, 7770, 7810, 7850, 7890, 7930, 7970, 8011, 8060, 8100, 8140, 8190, 8230, 8270, 8320, 8360, 8400, 8441, 8490, 8530, 8570, 8610, 8651, 8700, 8740, 8781, 8830, 8880, 8921, 8971, 9030, 9081, 9141, 9210, 9280, 9370, 9460, 9580, 9711, 9870, 10050, 10270, 10550, 11041, 12060, 13900, 15340, 16501, 17741, 19520, 24500, 31790, 46671, 243686, 6965405]
                 avg          P99       P99.99         P100
Read         1.80μs      3.53μs      8.43μs       5.56ms
Write         9.41μs     46.73μs    184.28μs       6.97ms

=== bench_out57.dat ===
Monster: conflicts=260568, sync_failures=2157816, empty_requests=0, try_overtime=720135, check_overtime=652144, replicate_overtime=785537
Ops: 2010000  Time: 11.51s  Throughput: 174629.06 ops/sec
Dirty reads: 0 / 1003777 (0.000%)
read_lats: vec100: [1000, 1470, 1480, 1490, 1490, 1490, 1490, 1490, 1500, 1500, 1500, 1500, 1500, 1500, 1500, 1510, 1510, 1510, 1510, 1510, 1510, 1520, 1520, 1520, 1520, 1530, 1530, 1530, 1531, 1540, 1540, 1550, 1550, 1560, 1560, 1570, 1570, 1580, 1580, 1590, 1600, 1600, 1610, 1620, 1620, 1630, 1640, 1640, 1650, 1660, 1660, 1670, 1680, 1680, 1690, 1700, 1710, 1710, 1720, 1730, 1740, 1740, 1750, 1760, 1770, 1770, 1780, 1790, 1800, 1810, 1820, 1830, 1840, 1850, 1860, 1870, 1880, 1900, 1910, 1921, 1940, 1960, 1980, 2000, 2020, 2040, 2070, 2090, 2130, 2160, 2200, 2240, 2290, 2340, 2410, 2490, 2590, 2740, 3010, 3520, 8680, 3792166]
write_lats: vec100: [4330, 4880, 5020, 5130, 5230, 5330, 5430, 5530, 5630, 5730, 5810, 5891, 5970, 6050, 6120, 6180, 6250, 6310, 6370, 6420, 6470, 6521, 6580, 6630, 6680, 6731, 6781, 6840, 6890, 6940, 6990, 7031, 7080, 7130, 7170, 7220, 7261, 7310, 7350, 7400, 7440, 7480, 7520, 7561, 7601, 7641, 7690, 7730, 7770, 7810, 7850, 7890, 7930, 7971, 8020, 8060, 8101, 8150, 8190, 8240, 8280, 8321, 8370, 8410, 8451, 8500, 8540, 8580, 8620, 8661, 8710, 8750, 8791, 8840, 8890, 8940, 8990, 9040, 9100, 9160, 9230, 9301, 9390, 9491, 9611, 9760, 9920, 10110, 10331, 10650, 11230, 12501, 14231, 15561, 16700, 17921, 19841, 25091, 32550, 47581, 355879, 8361390]
                 avg          P99       P99.99         P100
Read         1.79μs      3.52μs      8.35μs       3.79ms
Write         9.46μs     47.63μs    186.84μs       8.36ms

=== bench_out58.dat ===
Monster: conflicts=263258, sync_failures=2198099, empty_requests=0, try_overtime=735805, check_overtime=679537, replicate_overtime=782757
Ops: 2010000  Time: 11.59s  Throughput: 173359.10 ops/sec
Dirty reads: 0 / 1005255 (0.000%)
read_lats: vec100: [1050, 1480, 1480, 1490, 1490, 1490, 1490, 1500, 1500, 1500, 1500, 1500, 1500, 1500, 1510, 1510, 1510, 1510, 1510, 1510, 1520, 1520, 1520, 1520, 1520, 1530, 1530, 1530, 1540, 1540, 1540, 1550, 1550, 1560, 1560, 1570, 1570, 1580, 1590, 1590, 1600, 1600, 1610, 1620, 1620, 1630, 1640, 1640, 1650, 1660, 1660, 1670, 1680, 1681, 1690, 1700, 1710, 1710, 1720, 1730, 1740, 1740, 1750, 1760, 1770, 1780, 1780, 1790, 1800, 1810, 1820, 1830, 1840, 1850, 1860, 1870, 1880, 1900, 1910, 1930, 1940, 1960, 1980, 2000, 2020, 2040, 2070, 2100, 2130, 2160, 2200, 2240, 2290, 2340, 2410, 2490, 2590, 2750, 3020, 3540, 9480, 2951204]
write_lats: vec100: [4350, 4880, 5020, 5130, 5230, 5340, 5450, 5550, 5660, 5760, 5850, 5931, 6020, 6091, 6170, 6231, 6300, 6360, 6420, 6480, 6531, 6590, 6650, 6700, 6760, 6810, 6861, 6920, 6970, 7020, 7070, 7120, 7170, 7210, 7260, 7310, 7350, 7400, 7440, 7481, 7530, 7570, 7610, 7650, 7691, 7731, 7771, 7811, 7860, 7900, 7940, 7980, 8020, 8060, 8101, 8150, 8190, 8230, 8271, 8320, 8360, 8400, 8440, 8480, 8520, 8560, 8600, 8640, 8681, 8721, 8770, 8810, 8850, 8900, 8941, 8991, 9050, 9100, 9160, 9220, 9291, 9370, 9461, 9571, 9700, 9841, 10010, 10200, 10440, 10790, 11450, 12890, 14571, 15811, 16891, 18121, 20160, 25331, 32720, 47791, 251697, 8440752]
                 avg          P99       P99.99         P100
Read         1.79μs      3.54μs      8.45μs       2.95ms
Write         9.55μs     47.89μs    182.81μs       8.44ms

=== bench_out59.dat ===
Monster: conflicts=276302, sync_failures=2163153, empty_requests=0, try_overtime=724797, check_overtime=661629, replicate_overtime=776727
Ops: 2010000  Time: 11.61s  Throughput: 173141.54 ops/sec
Dirty reads: 1 / 1004522 (0.000%)
  Dirty read avg latency: 201.06μs
read_lats: vec100: [1100, 1480, 1480, 1490, 1490, 1490, 1490, 1500, 1500, 1500, 1500, 1500, 1500, 1500, 1510, 1510, 1510, 1510, 1510, 1510, 1520, 1520, 1520, 1520, 1520, 1530, 1530, 1530, 1540, 1540, 1540, 1550, 1550, 1560, 1560, 1570, 1570, 1580, 1590, 1590, 1600, 1600, 1610, 1620, 1620, 1630, 1640, 1640, 1650, 1660, 1660, 1670, 1680, 1690, 1690, 1700, 1710, 1711, 1720, 1730, 1740, 1741, 1750, 1760, 1770, 1780, 1780, 1790, 1800, 1810, 1820, 1830, 1840, 1850, 1860, 1870, 1880, 1900, 1910, 1930, 1940, 1960, 1980, 2000, 2020, 2040, 2070, 2100, 2130, 2160, 2200, 2240, 2290, 2340, 2410, 2490, 2590, 2750, 3010, 3540, 14370, 6970405]
write_lats: vec100: [4320, 4870, 5001, 5110, 5210, 5310, 5410, 5510, 5610, 5700, 5790, 5870, 5950, 6030, 6100, 6170, 6240, 6300, 6360, 6411, 6470, 6520, 6580, 6630, 6680, 6740, 6790, 6840, 6890, 6941, 6990, 7040, 7090, 7131, 7180, 7230, 7270, 7320, 7360, 7410, 7450, 7490, 7531, 7580, 7620, 7660, 7700, 7740, 7780, 7830, 7870, 7910, 7950, 7991, 8040, 8080, 8121, 8170, 8210, 8251, 8300, 8340, 8390, 8430, 8470, 8511, 8560, 8600, 8640, 8681, 8730, 8770, 8820, 8861, 8910, 8960, 9020, 9070, 9130, 9191, 9270, 9350, 9440, 9550, 9681, 9840, 10010, 10221, 10500, 10960, 11850, 13521, 14900, 15990, 17030, 18260, 20560, 25731, 33430, 48611, 188795, 5600191]
                 avg          P99       P99.99         P100
Read         1.80μs      3.55μs      8.80μs       6.97ms
Write         9.55μs     48.78μs    179.32μs       5.60ms

=== bench_out5.dat ===
Monster: conflicts=13418, sync_failures=1973931, empty_requests=0, try_overtime=661124, check_overtime=396409, replicate_overtime=916398
Ops: 2010000  Time: 9.87s  Throughput: 203564.22 ops/sec
Dirty reads: 0 / 1005283 (0.000%)
read_lats: vec100: [1100, 1480, 1480, 1490, 1490, 1490, 1490, 1500, 1500, 1500, 1500, 1500, 1500, 1510, 1510, 1510, 1510, 1510, 1520, 1520, 1520, 1520, 1530, 1530, 1530, 1540, 1540, 1541, 1550, 1550, 1560, 1561, 1570, 1580, 1580, 1590, 1590, 1600, 1610, 1610, 1620, 1630, 1630, 1640, 1650, 1650, 1660, 1670, 1670, 1680, 1690, 1700, 1700, 1710, 1720, 1720, 1730, 1740, 1750, 1750, 1760, 1770, 1780, 1790, 1790, 1800, 1810, 1820, 1830, 1840, 1850, 1860, 1870, 1880, 1890, 1910, 1920, 1930, 1950, 1961, 1980, 2000, 2020, 2040, 2060, 2090, 2110, 2140, 2170, 2210, 2241, 2290, 2340, 2400, 2470, 2550, 2670, 2840, 3130, 3690, 9800, 5827926]
write_lats: vec100: [4501, 5090, 5230, 5350, 5450, 5550, 5640, 5720, 5800, 5880, 5950, 6020, 6080, 6140, 6200, 6250, 6300, 6350, 6391, 6440, 6480, 6530, 6570, 6610, 6650, 6690, 6730, 6770, 6810, 6850, 6890, 6921, 6960, 7000, 7031, 7070, 7110, 7140, 7180, 7210, 7240, 7280, 7310, 7340, 7380, 7410, 7440, 7480, 7510, 7540, 7580, 7610, 7640, 7680, 7710, 7750, 7780, 7820, 7860, 7890, 7930, 7970, 8010, 8050, 8090, 8131, 8180, 8220, 8270, 8310, 8351, 8400, 8450, 8490, 8540, 8580, 8630, 8670, 8720, 8761, 8810, 8860, 8910, 8961, 9020, 9080, 9140, 9200, 9270, 9350, 9440, 9550, 9670, 9811, 9980, 10190, 10431, 10780, 11390, 12930, 268697, 5779105]
                 avg          P99       P99.99         P100
Read         1.85μs      3.70μs      9.24μs       5.83ms
Write         7.82μs     12.93μs     90.65μs       5.78ms

=== bench_out60.dat ===
Monster: conflicts=293591, sync_failures=2104274, empty_requests=0, try_overtime=707512, check_overtime=646869, replicate_overtime=749893
Ops: 2010000  Time: 11.64s  Throughput: 172729.78 ops/sec
Dirty reads: 0 / 1004930 (0.000%)
read_lats: vec100: [1071, 1470, 1480, 1480, 1480, 1481, 1490, 1490, 1490, 1490, 1490, 1490, 1500, 1500, 1500, 1500, 1500, 1500, 1500, 1501, 1510, 1510, 1510, 1510, 1510, 1520, 1520, 1520, 1520, 1530, 1530, 1530, 1540, 1540, 1550, 1550, 1560, 1560, 1570, 1570, 1580, 1581, 1590, 1600, 1600, 1610, 1620, 1620, 1630, 1640, 1640, 1650, 1660, 1661, 1670, 1680, 1690, 1690, 1700, 1710, 1720, 1720, 1730, 1740, 1750, 1760, 1760, 1770, 1780, 1790, 1800, 1810, 1820, 1830, 1840, 1850, 1860, 1870, 1880, 1900, 1910, 1930, 1950, 1970, 1990, 2010, 2040, 2060, 2090, 2130, 2160, 2201, 2250, 2310, 2371, 2460, 2560, 2720, 2990, 3500, 11330, 5183180]
write_lats: vec100: [4280, 4820, 4930, 5021, 5100, 5161, 5240, 5320, 5410, 5500, 5600, 5690, 5770, 5850, 5920, 5990, 6060, 6130, 6190, 6251, 6310, 6370, 6420, 6471, 6530, 6580, 6640, 6690, 6740, 6791, 6850, 6900, 6950, 7001, 7051, 7101, 7150, 7200, 7241, 7290, 7340, 7381, 7430, 7470, 7520, 7560, 7601, 7650, 7690, 7730, 7771, 7820, 7860, 7910, 7950, 7991, 8040, 8081, 8130, 8180, 8220, 8270, 8311, 8360, 8410, 8450, 8500, 8540, 8590, 8630, 8680, 8721, 8770, 8820, 8870, 8921, 8980, 9040, 9100, 9170, 9250, 9330, 9430, 9550, 9700, 9870, 10060, 10301, 10631, 11241, 12470, 14020, 15241, 16290, 17370, 18730, 21741, 27041, 35451, 51721, 253777, 5996210]
                 avg          P99       P99.99         P100
Read         1.78μs      3.50μs      8.72μs       5.18ms
Write         9.63μs     51.90μs    218.96μs       6.00ms

=== bench_out61.dat ===
Monster: conflicts=308581, sync_failures=2066029, empty_requests=0, try_overtime=701625, check_overtime=621739, replicate_overtime=742665
Ops: 2010000  Time: 11.65s  Throughput: 172506.54 ops/sec
Dirty reads: 1 / 1005398 (0.000%)
  Dirty read avg latency: 187.82μs
read_lats: vec100: [1050, 1470, 1480, 1481, 1490, 1490, 1490, 1490, 1500, 1500, 1500, 1500, 1500, 1500, 1500, 1501, 1510, 1510, 1510, 1510, 1510, 1510, 1520, 1520, 1520, 1520, 1520, 1530, 1530, 1530, 1530, 1540, 1540, 1550, 1550, 1560, 1560, 1570, 1570, 1580, 1580, 1590, 1591, 1600, 1610, 1610, 1620, 1630, 1630, 1640, 1650, 1660, 1660, 1670, 1680, 1680, 1690, 1700, 1710, 1710, 1720, 1730, 1740, 1740, 1750, 1760, 1770, 1780, 1780, 1790, 1800, 1810, 1820, 1830, 1840, 1850, 1860, 1880, 1890, 1900, 1920, 1930, 1950, 1970, 1990, 2020, 2040, 2070, 2100, 2130, 2170, 2210, 2260, 2310, 2380, 2460, 2561, 2720, 2990, 3520, 8540, 188325]
write_lats: vec100: [4350, 4820, 4920, 5011, 5090, 5150, 5220, 5300, 5380, 5460, 5550, 5640, 5720, 5791, 5870, 5931, 6001, 6070, 6131, 6200, 6260, 6310, 6370, 6420, 6470, 6520, 6570, 6620, 6670, 6721, 6780, 6830, 6880, 6930, 6980, 7030, 7080, 7130, 7170, 7220, 7260, 7310, 7351, 7400, 7441, 7490, 7530, 7580, 7620, 7660, 7701, 7750, 7790, 7840, 7880, 7930, 7971, 8020, 8070, 8111, 8160, 8210, 8260, 8310, 8360, 8401, 8450, 8500, 8550, 8591, 8640, 8690, 8740, 8790, 8841, 8900, 8951, 9011, 9080, 9150, 9230, 9320, 9420, 9550, 9701, 9890, 10100, 10371, 10801, 11670, 13120, 14430, 15471, 16440, 17510, 18941, 22451, 27491, 36151, 52891, 5632902, 5923748]
                 avg          P99       P99.99         P100
Read         1.77μs      3.53μs      8.50μs    188.32μs
Write         9.65μs     52.89μs    208.46μs       5.92ms

=== bench_out62.dat ===
Monster: conflicts=320372, sync_failures=2064744, empty_requests=0, try_overtime=706668, check_overtime=623887, replicate_overtime=734189
Ops: 2010000  Time: 11.75s  Throughput: 171085.66 ops/sec
Dirty reads: 1 / 1004616 (0.000%)
  Dirty read avg latency: 169.67μs
read_lats: vec100: [1050, 1470, 1480, 1480, 1480, 1490, 1490, 1490, 1490, 1490, 1490, 1500, 1500, 1500, 1500, 1500, 1500, 1500, 1500, 1510, 1510, 1510, 1510, 1510, 1510, 1520, 1520, 1520, 1520, 1530, 1530, 1530, 1540, 1540, 1550, 1550, 1560, 1560, 1570, 1570, 1580, 1590, 1590, 1600, 1600, 1610, 1620, 1620, 1630, 1640, 1641, 1650, 1660, 1670, 1670, 1680, 1690, 1700, 1700, 1710, 1720, 1730, 1730, 1740, 1750, 1760, 1760, 1770, 1780, 1790, 1800, 1810, 1820, 1830, 1840, 1850, 1860, 1870, 1890, 1900, 1920, 1930, 1950, 1970, 1990, 2020, 2040, 2070, 2100, 2130, 2170, 2210, 2260, 2310, 2380, 2460, 2560, 2720, 2980, 3490, 14390, 5523609]
write_lats: vec100: [4280, 4800, 4900, 4990, 5070, 5130, 5190, 5260, 5340, 5421, 5510, 5590, 5671, 5750, 5830, 5900, 5970, 6040, 6100, 6170, 6230, 6281, 6340, 6391, 6441, 6500, 6550, 6600, 6651, 6710, 6760, 6810, 6861, 6920, 6970, 7020, 7070, 7120, 7161, 7210, 7260, 7301, 7350, 7400, 7440, 7490, 7530, 7571, 7620, 7660, 7710, 7750, 7791, 7840, 7881, 7930, 7980, 8030, 8070, 8120, 8170, 8220, 8270, 8320, 8370, 8411, 8460, 8510, 8560, 8610, 8651, 8701, 8751, 8810, 8860, 8920, 8980, 9040, 9110, 9180, 9270, 9360, 9480, 9620, 9790, 9981, 10230, 10560, 11170, 12330, 13760, 14871, 15840, 16780, 17880, 19480, 23411, 28341, 37341, 54242, 222225, 6029871]
                 avg          P99       P99.99         P100
Read         1.78μs      3.49μs      8.39μs       5.52ms
Write         9.73μs     54.45μs    209.07μs       6.03ms

=== bench_out63.dat ===
Monster: conflicts=330165, sync_failures=2101365, empty_requests=0, try_overtime=712060, check_overtime=654964, replicate_overtime=734341
Ops: 2010000  Time: 11.84s  Throughput: 169742.53 ops/sec
Dirty reads: 0 / 1005551 (0.000%)
read_lats: vec100: [1020, 1470, 1480, 1480, 1480, 1490, 1490, 1490, 1490, 1490, 1490, 1490, 1500, 1500, 1500, 1500, 1500, 1500, 1500, 1501, 1510, 1510, 1510, 1510, 1510, 1520, 1520, 1520, 1520, 1530, 1530, 1530, 1540, 1540, 1540, 1550, 1550, 1560, 1561, 1570, 1580, 1580, 1590, 1591, 1600, 1610, 1610, 1620, 1630, 1631, 1640, 1650, 1660, 1660, 1670, 1680, 1681, 1690, 1700, 1710, 1710, 1720, 1730, 1740, 1750, 1750, 1760, 1770, 1780, 1790, 1790, 1800, 1810, 1820, 1831, 1850, 1860, 1870, 1880, 1900, 1910, 1930, 1950, 1970, 1990, 2010, 2031, 2060, 2090, 2120, 2160, 2200, 2250, 2300, 2370, 2450, 2551, 2710, 2970, 3500, 10060, 5618202]
write_lats: vec100: [4310, 4790, 4891, 4980, 5051, 5110, 5170, 5240, 5321, 5410, 5500, 5590, 5680, 5760, 5840, 5910, 5980, 6050, 6120, 6190, 6260, 6320, 6371, 6430, 6480, 6540, 6600, 6650, 6710, 6760, 6820, 6870, 6930, 6980, 7030, 7081, 7140, 7181, 7231, 7280, 7330, 7380, 7430, 7470, 7520, 7570, 7610, 7651, 7700, 7741, 7790, 7831, 7880, 7930, 7970, 8020, 8070, 8111, 8160, 8210, 8260, 8310, 8351, 8400, 8450, 8500, 8541, 8590, 8640, 8681, 8730, 8780, 8830, 8880, 8940, 8991, 9060, 9121, 9200, 9280, 9371, 9481, 9620, 9780, 9970, 10190, 10480, 10980, 11870, 13260, 14440, 15361, 16221, 17091, 18161, 19901, 23920, 28721, 37701, 54312, 265137, 6030721]
                 avg          P99       P99.99         P100
Read         1.79μs      3.50μs      8.73μs       5.62ms
Write         9.83μs     54.43μs    201.40μs       6.03ms

=== bench_out6.dat ===
Monster: conflicts=16428, sync_failures=1978352, empty_requests=0, try_overtime=663984, check_overtime=399095, replicate_overtime=915273
Ops: 2010000  Time: 9.90s  Throughput: 202969.54 ops/sec
Dirty reads: 0 / 1005241 (0.000%)
read_lats: vec100: [1050, 1480, 1490, 1490, 1490, 1490, 1500, 1500, 1500, 1500, 1500, 1500, 1510, 1510, 1510, 1510, 1510, 1511, 1520, 1520, 1520, 1521, 1530, 1530, 1530, 1540, 1540, 1550, 1550, 1560, 1560, 1570, 1570, 1580, 1580, 1590, 1600, 1600, 1610, 1611, 1620, 1630, 1630, 1640, 1650, 1651, 1660, 1670, 1680, 1680, 1690, 1700, 1700, 1710, 1720, 1730, 1730, 1740, 1750, 1760, 1760, 1770, 1780, 1790, 1800, 1800, 1810, 1820, 1830, 1840, 1850, 1860, 1870, 1880, 1891, 1910, 1920, 1940, 1950, 1970, 1980, 2000, 2020, 2040, 2060, 2090, 2110, 2140, 2170, 2210, 2250, 2290, 2340, 2400, 2461, 2550, 2670, 2830, 3120, 3680, 11200, 4424731]
write_lats: vec100: [4411, 5090, 5240, 5360, 5460, 5560, 5650, 5730, 5810, 5890, 5960, 6030, 6091, 6151, 6210, 6260, 6310, 6360, 6410, 6450, 6491, 6540, 6580, 6620, 6660, 6700, 6740, 6780, 6820, 6860, 6891, 6930, 6970, 7010, 7040, 7080, 7111, 7150, 7180, 7220, 7250, 7281, 7320, 7350, 7381, 7420, 7450, 7480, 7520, 7550, 7580, 7620, 7650, 7680, 7720, 7750, 7790, 7820, 7860, 7900, 7940, 7980, 8011, 8060, 8100, 8140, 8181, 8230, 8270, 8320, 8360, 8410, 8450, 8500, 8541, 8590, 8640, 8680, 8730, 8771, 8821, 8871, 8921, 8980, 9030, 9090, 9150, 9220, 9290, 9370, 9461, 9570, 9700, 9850, 10030, 10240, 10500, 10870, 11540, 13470, 126174, 5932539]
                 avg          P99       P99.99         P100
Read         1.83μs      3.69μs      9.03μs       4.42ms
Write         7.86μs     13.49μs     83.68μs       5.93ms

=== bench_out7.dat ===
Monster: conflicts=18964, sync_failures=1980376, empty_requests=0, try_overtime=666175, check_overtime=397639, replicate_overtime=916562
Ops: 2010000  Time: 9.94s  Throughput: 202286.42 ops/sec
Dirty reads: 0 / 1005521 (0.000%)
read_lats: vec100: [1010, 1480, 1490, 1490, 1490, 1490, 1500, 1500, 1500, 1500, 1500, 1500, 1510, 1510, 1510, 1510, 1510, 1510, 1520, 1520, 1520, 1520, 1530, 1530, 1530, 1540, 1540, 1550, 1550, 1560, 1560, 1570, 1570, 1580, 1580, 1590, 1600, 1600, 1610, 1610, 1620, 1630, 1630, 1640, 1650, 1651, 1660, 1670, 1680, 1680, 1690, 1700, 1701, 1710, 1720, 1730, 1730, 1740, 1750, 1760, 1760, 1770, 1780, 1790, 1800, 1800, 1810, 1820, 1830, 1840, 1850, 1860, 1870, 1880, 1891, 1910, 1920, 1940, 1950, 1970, 1990, 2000, 2020, 2040, 2070, 2090, 2120, 2150, 2180, 2210, 2250, 2290, 2340, 2400, 2470, 2560, 2670, 2850, 3140, 3700, 14940, 4844922]
write_lats: vec100: [4480, 5090, 5240, 5360, 5460, 5560, 5650, 5730, 5810, 5890, 5960, 6030, 6090, 6150, 6210, 6260, 6310, 6360, 6410, 6450, 6491, 6540, 6580, 6620, 6660, 6700, 6740, 6780, 6820, 6860, 6900, 6940, 6971, 7010, 7050, 7080, 7120, 7150, 7190, 7220, 7260, 7290, 7320, 7360, 7390, 7420, 7451, 7490, 7520, 7551, 7590, 7620, 7651, 7690, 7721, 7760, 7791, 7830, 7870, 7910, 7941, 7981, 8021, 8061, 8110, 8150, 8190, 8240, 8280, 8330, 8370, 8420, 8460, 8510, 8551, 8600, 8641, 8690, 8740, 8781, 8831, 8880, 8931, 8990, 9040, 9100, 9160, 9230, 9300, 9381, 9480, 9590, 9721, 9871, 10060, 10270, 10531, 10920, 11640, 14060, 113553, 5779705]
                 avg          P99       P99.99         P100
Read         1.83μs      3.70μs      9.29μs       4.84ms
Write         7.89μs     14.11μs     92.51μs       5.78ms

=== bench_out8.dat ===
Monster: conflicts=21340, sync_failures=2000551, empty_requests=0, try_overtime=673499, check_overtime=409334, replicate_overtime=917718
Ops: 2010000  Time: 9.99s  Throughput: 201123.29 ops/sec
Dirty reads: 0 / 1004454 (0.000%)
read_lats: vec100: [1060, 1480, 1490, 1490, 1490, 1500, 1500, 1500, 1500, 1500, 1500, 1510, 1510, 1510, 1510, 1510, 1510, 1520, 1520, 1520, 1520, 1530, 1530, 1530, 1540, 1540, 1540, 1550, 1550, 1560, 1560, 1570, 1570, 1580, 1590, 1590, 1600, 1600, 1610, 1620, 1620, 1630, 1640, 1640, 1650, 1660, 1660, 1670, 1680, 1690, 1690, 1700, 1710, 1711, 1720, 1730, 1740, 1740, 1750, 1760, 1770, 1771, 1780, 1790, 1800, 1810, 1820, 1830, 1840, 1850, 1850, 1861, 1880, 1890, 1900, 1910, 1930, 1940, 1960, 1970, 1990, 2010, 2030, 2050, 2070, 2100, 2121, 2150, 2190, 2220, 2260, 2300, 2350, 2410, 2480, 2570, 2690, 2860, 3150, 3700, 10600, 5027886]
write_lats: vec100: [4510, 5100, 5250, 5370, 5480, 5580, 5670, 5760, 5840, 5920, 5990, 6060, 6120, 6180, 6240, 6290, 6340, 6390, 6431, 6480, 6520, 6570, 6610, 6650, 6690, 6730, 6770, 6810, 6850, 6890, 6930, 6970, 7000, 7040, 7080, 7110, 7150, 7180, 7220, 7250, 7290, 7320, 7350, 7390, 7420, 7450, 7490, 7520, 7550, 7581, 7620, 7650, 7690, 7720, 7760, 7790, 7830, 7870, 7901, 7940, 7980, 8020, 8060, 8101, 8150, 8190, 8230, 8280, 8320, 8370, 8410, 8460, 8500, 8550, 8590, 8631, 8680, 8730, 8770, 8820, 8870, 8920, 8970, 9020, 9071, 9131, 9200, 9270, 9341, 9430, 9530, 9650, 9780, 9940, 10130, 10351, 10640, 11071, 11850, 14700, 148094, 5909608]
                 avg          P99       P99.99         P100
Read         1.83μs      3.70μs      9.21μs       5.03ms
Write         7.93μs     14.73μs     89.69μs       5.91ms

=== bench_out9.dat ===
Monster: conflicts=24402, sync_failures=2006764, empty_requests=0, try_overtime=677184, check_overtime=413082, replicate_overtime=916498
Ops: 2010000  Time: 9.96s  Throughput: 201816.57 ops/sec
Dirty reads: 1 / 1004973 (0.000%)
  Dirty read avg latency: 217.09μs
read_lats: vec100: [1071, 1480, 1490, 1490, 1490, 1500, 1500, 1500, 1500, 1500, 1500, 1510, 1510, 1510, 1510, 1510, 1511, 1520, 1520, 1520, 1520, 1530, 1530, 1530, 1540, 1540, 1550, 1550, 1550, 1560, 1561, 1570, 1580, 1580, 1590, 1590, 1600, 1610, 1610, 1620, 1630, 1630, 1640, 1650, 1650, 1660, 1670, 1670, 1680, 1690, 1690, 1700, 1710, 1720, 1720, 1730, 1740, 1750, 1750, 1760, 1770, 1780, 1780, 1790, 1800, 1810, 1820, 1830, 1840, 1850, 1860, 1870, 1880, 1890, 1900, 1910, 1930, 1940, 1960, 1970, 1990, 2010, 2030, 2050, 2070, 2100, 2120, 2150, 2180, 2220, 2260, 2300, 2350, 2410, 2480, 2561, 2680, 2850, 3140, 3690, 10030, 3419156]
write_lats: vec100: [4490, 5100, 5250, 5370, 5480, 5580, 5670, 5760, 5840, 5920, 6000, 6070, 6130, 6190, 6241, 6300, 6350, 6400, 6440, 6490, 6530, 6571, 6620, 6660, 6700, 6740, 6780, 6820, 6860, 6900, 6940, 6980, 7010, 7050, 7090, 7120, 7160, 7190, 7230, 7260, 7291, 7330, 7360, 7391, 7430, 7460, 7500, 7530, 7560, 7600, 7630, 7661, 7700, 7731, 7770, 7810, 7840, 7880, 7920, 7960, 8000, 8040, 8080, 8120, 8160, 8201, 8250, 8290, 8340, 8380, 8421, 8470, 8510, 8560, 8600, 8650, 8690, 8740, 8780, 8830, 8880, 8930, 8980, 9030, 9081, 9141, 9210, 9280, 9350, 9440, 9540, 9650, 9790, 9950, 10140, 10360, 10650, 11110, 11940, 15430, 234526, 3879197]
                 avg          P99       P99.99         P100
Read         1.83μs      3.70μs      9.15μs       3.42ms
Write         7.92μs     15.44μs     94.03μs       3.88ms
